-- phpMyAdmin SQL Dump
-- version 4.8.2
-- https://www.phpmyadmin.net/
--
-- Host: 127.0.0.1:3036
-- Waktu pembuatan: 03 Apr 2021 pada 08.30
-- Versi server: 10.1.34-MariaDB
-- Versi PHP: 7.2.7

SET SQL_MODE = "NO_AUTO_VALUE_ON_ZERO";
SET AUTOCOMMIT = 0;
START TRANSACTION;
SET time_zone = "+00:00";


/*!40101 SET @OLD_CHARACTER_SET_CLIENT=@@CHARACTER_SET_CLIENT */;
/*!40101 SET @OLD_CHARACTER_SET_RESULTS=@@CHARACTER_SET_RESULTS */;
/*!40101 SET @OLD_COLLATION_CONNECTION=@@COLLATION_CONNECTION */;
/*!40101 SET NAMES utf8mb4 */;

--
-- Database: `db_ppdb`
--

-- --------------------------------------------------------

--
-- Struktur dari tabel `jabatan`
--

CREATE TABLE `jabatan` (
  `id` int(11) NOT NULL,
  `nm_jabatan` varchar(20) NOT NULL
) ENGINE=MyISAM DEFAULT CHARSET=latin1;

--
-- Dumping data untuk tabel `jabatan`
--

INSERT INTO `jabatan` (`id`, `nm_jabatan`) VALUES
(1, 'ADMIN'),
(2, 'PETUGAS'),
(3, 'KEPSEK'),
(4, 'KURIKULUM'),
(5, 'OPERATOR'),
(6, 'PANITIA'),
(7, 'DOKUMEN');

-- --------------------------------------------------------

--
-- Struktur dari tabel `jurusan`
--

CREATE TABLE `jurusan` (
  `kd_jurusan` varchar(4) NOT NULL,
  `nama_jurusan` varchar(50) DEFAULT NULL
) ENGINE=InnoDB DEFAULT CHARSET=latin1;

--
-- Dumping data untuk tabel `jurusan`
--

INSERT INTO `jurusan` (`kd_jurusan`, `nama_jurusan`) VALUES
('TEL', 'Teknik Elektronika'),
('TF', 'Teknik Seni Rupa (Furniture)'),
('TI', 'Teknik Komputer dan Informatika'),
('TKP', 'Teknik Konstruksi dan Properti'),
('TL', 'Teknik Ketenagalistrikan'),
('TM', 'Teknik Mesin'),
('TO', 'Teknik Otomotif');

-- --------------------------------------------------------

--
-- Struktur dari tabel `kelas`
--

CREATE TABLE `kelas` (
  `id_kelas` int(11) NOT NULL,
  `nama_kelas` varchar(30) DEFAULT NULL,
  `jumlah_siswa` double DEFAULT NULL,
  `kd_jurusan` varchar(4) DEFAULT NULL
) ENGINE=MyISAM DEFAULT CHARSET=latin1;

--
-- Dumping data untuk tabel `kelas`
--

INSERT INTO `kelas` (`id_kelas`, `nama_kelas`, `jumlah_siswa`, `kd_jurusan`) VALUES
(3, 'X TI1', 35, 'TI'),
(4, 'X TI2', 35, 'TI'),
(5, 'X EL1', 35, 'TEL'),
(6, 'X EL2', 35, 'TEL'),
(7, 'X TKP1', 35, 'TKP'),
(8, 'X TKP2', 35, 'TKP'),
(9, 'X TL1', 35, 'TL'),
(10, 'X TL2', 35, 'TL'),
(11, 'X TL3', 35, 'TL'),
(12, 'X TM1', 35, 'TM'),
(13, 'X TM2', 35, 'TM'),
(14, 'X TM3', 35, 'TM'),
(15, 'X TM4', 35, 'TM'),
(16, 'X TO1', 35, 'TO'),
(17, 'X TO2', 35, 'TO'),
(18, 'X TO3', 35, 'TO');

-- --------------------------------------------------------

--
-- Struktur dari tabel `pendaftar`
--

CREATE TABLE `pendaftar` (
  `id` int(11) NOT NULL,
  `nisn` char(11) DEFAULT NULL,
  `no_formulir` varchar(11) DEFAULT NULL,
  `kd_jurusan` varchar(4) DEFAULT NULL,
  `id_kelas` varchar(10) NOT NULL,
  `nama` varchar(50) DEFAULT NULL,
  `asal_sekolah` varchar(50) DEFAULT NULL,
  `gender` varchar(10) DEFAULT NULL,
  `alamat` varchar(100) DEFAULT NULL,
  `tgl_daftar` date DEFAULT NULL,
  `tgl_daftar_ulang` date NOT NULL,
  `daftar_ulang` varchar(10) NOT NULL,
  `id_user` int(11) DEFAULT NULL,
  `bind` varchar(20) NOT NULL,
  `bing` varchar(20) NOT NULL,
  `mtk` varchar(20) NOT NULL,
  `ipa` varchar(20) NOT NULL,
  `BIN_VIII_1_P` varchar(10) NOT NULL,
  `BIN_VIII_1_K` varchar(10) NOT NULL,
  `BIN_VIII_2_P` varchar(10) NOT NULL,
  `BIN_VIII_2_K` varchar(10) NOT NULL,
  `BIN_IX_1_P` varchar(10) NOT NULL,
  `BIN_IX_1_K` varchar(10) NOT NULL,
  `MTK_VIII_1_P` varchar(10) NOT NULL,
  `MTK_VIII_1_K` varchar(10) NOT NULL,
  `MTK_VIII_2_P` varchar(10) NOT NULL,
  `MTK_VIII_2_K` varchar(10) NOT NULL,
  `MTK_IX_1_P` varchar(10) NOT NULL,
  `MTK_IX_1_K` varchar(10) NOT NULL,
  `BING_VIII_1_P` varchar(10) NOT NULL,
  `BING_VIII_1_K` varchar(10) NOT NULL,
  `BING_VIII_2_P` varchar(10) NOT NULL,
  `BING_VIII_2_K` varchar(10) NOT NULL,
  `BING_IX_1_P` varchar(10) NOT NULL,
  `BING_IX_1_K` varchar(10) NOT NULL,
  `IPA_VIII_1_P` varchar(10) NOT NULL,
  `IPA_VIII_1_K` varchar(10) NOT NULL,
  `IPA_VIII_2_P` varchar(10) NOT NULL,
  `IPA_VIII_2_K` varchar(10) NOT NULL,
  `IPA_IX_1_P` varchar(10) NOT NULL,
  `IPA_IX_1_K` varchar(10) NOT NULL,
  `last_update` date NOT NULL
) ENGINE=InnoDB DEFAULT CHARSET=latin1;

--
-- Dumping data untuk tabel `pendaftar`
--

INSERT INTO `pendaftar` (`id`, `nisn`, `no_formulir`, `kd_jurusan`, `id_kelas`, `nama`, `asal_sekolah`, `gender`, `alamat`, `tgl_daftar`, `tgl_daftar_ulang`, `daftar_ulang`, `id_user`, `bind`, `bing`, `mtk`, `ipa`, `BIN_VIII_1_P`, `BIN_VIII_1_K`, `BIN_VIII_2_P`, `BIN_VIII_2_K`, `BIN_IX_1_P`, `BIN_IX_1_K`, `MTK_VIII_1_P`, `MTK_VIII_1_K`, `MTK_VIII_2_P`, `MTK_VIII_2_K`, `MTK_IX_1_P`, `MTK_IX_1_K`, `BING_VIII_1_P`, `BING_VIII_1_K`, `BING_VIII_2_P`, `BING_VIII_2_K`, `BING_IX_1_P`, `BING_IX_1_K`, `IPA_VIII_1_P`, `IPA_VIII_1_K`, `IPA_VIII_2_P`, `IPA_VIII_2_K`, `IPA_IX_1_P`, `IPA_IX_1_K`, `last_update`) VALUES
(92, '0047860488', '401', 'TEL', '', 'M. ANDI SUANDI', 'SMP NEGERI 4 LANGSA', 'LAKI-LAKI', 'SUNGAI PAUH TANJONG', '2020-06-09', '0000-00-00', '', 48, '87,67', '87,67', '80,17', '87,50', '80', '80', '92', '92', '91', '91', '78', '78', '78', '78', '84', '85', '85', '85', '92', '92', '87', '85', '82', '82', '90', '90', '89', '91', '0000-00-00'),
(93, '0059728227', '095', 'TI', '3', 'EKA SAFITRI', 'SMP NEGERI 6 LANGSA', 'PEREMPUAN', 'JL. PERUMNAS NO. 6 LANGSA', '2020-06-09', '2020-06-18', 'YES', 48, '90,33', '88,83', '87,33', '93,33', '90', '90', '88', '87', '93', '94', '86', '86', '83', '83', '91', '95', '81', '81', '93', '90', '95', '93', '92', '92', '94', '95', '93', '94', '0000-00-00'),
(94, '0045655866', '187', 'TL', '', 'AKMAL FITRIYADI', 'SMP NEGERI 2 LANGSA', 'LAKI-LAKI', 'GP. KARANG AYAR', '2020-06-09', '0000-00-00', '', 47, '84,83', '84,0', '86,50', '87,50', '83', '83', '86', '85', '86', '86', '85', '85', '85', '85', '91', '88', '83', '83', '83', '83', '86', '86', '89', '89', '88', '84', '85', '86', '0000-00-00'),
(95, '0052334262', '198', 'TL', '', 'TRIO MELIZA', 'SMP NEGERI 3 LANGSA', 'LAKI-LAKI', 'DESA KARANG ANYAR LANGSA', '2020-06-09', '0000-00-00', '', 47, '84,00', '84,17', '84,50', '85,50', '82', '82', '83', '83', '87', '87', '82', '82', '82', '83', '89', '89', '82', '83', '83', '83', '88', '86', '83', '83', '84', '83', '90', '90', '0000-00-00'),
(96, '0047000280', '407', 'TEL', '', 'RIVALDI RAMADHAN SYAH', 'SMP NEGERI 4 LANGSA', 'LAKI-LAKI', 'MATANG SEULIMENG, LR. KB LANGSA', '2020-06-09', '0000-00-00', '', 49, '87,50', '88,50', '89,00', '87,17', '85', '85', '90', '90', '87', '88', '85', '85', '90', '90', '92', '92', '85', '85', '90', '90', '91', '90', '88', '86', '85', '80', '92', '92', '0000-00-00'),
(97, '0052166019', 'P-158', 'TEL', '', 'HAFIZ AULIA AKBAR', 'SMP N 9 Kota Langsa', 'LAKI-LAKI', 'Gp Seulalah Langsa', '2020-06-09', '0000-00-00', '', 47, '79', '80', '77', '78', '84', '85', '77', '77', '76', '76', '80', '80', '80', '80', '79', '80', '76', '76', '77', '77', '76', '78', '75', '75', '78', '78', '81', '82', '2020-06-22'),
(98, '0058468514', '471', 'TKP', '', 'FATHIA RAHMA', 'SMP NEGERI 3 LANGSA', 'PEREMPUAN', 'JLN. A. YANI LOR. GABUNGAN PB. SEULEMAK, LANGSA', '2020-06-09', '0000-00-00', '', 50, '87,50', '87,00', '87,67', '90,50', '85', '85', '87', '86', '91', '92', '84', '85', '86', '87', '91', '93', '83', '83', '84', '84', '94', '94', '90', '92', '89', '90', '91', '89', '0000-00-00'),
(99, '0042497640', '441', 'TO', '', 'VANDI DIMASTI', 'SMP N 6 LANGSA', 'LAKI-LAKI', 'Dusun Kurnia Paya Bujuk Seuleumak', '2020-06-09', '0000-00-00', '', 48, '85', '83', '82', '85', '81', '81', '86', '88', '87', '87', '80', '80', '81', '81', '85', '85', '77', '78', '83', '83', '89', '88', '82', '82', '85', '85', '88', '88', '0000-00-00'),
(100, '0057619792', '275', 'TM', '', 'ARES ANUGRAH', 'SMP NEGERI 6 LANGSA', 'LAKI-LAKI', 'PERUMAHAN AZZURA DUSUN MULIA INDAH KELURAHAN ALUE DUA KECAMATAN LANGSA BARO KOTA LANGSA', '2020-06-09', '0000-00-00', '', 48, '84,33', '83,17', '83,00', '82,67', '82', '82', '83', '83', '88', '88', '82', '82', '82', '82', '85', '85', '82', '82', '83', '82', '85', '85', '82', '82', '82', '82', '84', '84', '0000-00-00'),
(101, '0054229427', '113', 'TO', '', 'MUHAMMAD ALDI LUBIS', 'SMP N 2 Langsa', 'LAKI-LAKI', 'Dusun Kenanga Desa Seulalah Baru', '2020-06-09', '0000-00-00', '', 49, '86,17', '84,67', '89,50', '87,67', '83', '81', '88', '86', '87', '90', '90', '90', '90', '90', '90', '87', '84', '83', '84', '83', '87', '87', '88', '88', '90', '85', '87', '88', '0000-00-00'),
(102, '0087389718', 'P-016', 'TEL', '', 'NUR AMELISA', 'SMP N 2 BIREM BAYEUN', 'PEREMPUAN', 'ALUE NYAMUK LANGSA', '2020-06-09', '0000-00-00', '', 18, '80,83', '83,33', '78,33', '85,17', '80', '70', '85', '85', '85', '80', '80', '80', '80', '80', '75', '75', '80', '80', '85', '85', '85', '85', '80', '80', '90', '90', '83', '88', '2020-06-12'),
(103, '0043045765', '559', 'TO', '', 'MUHAMMAD FAUZI IRWAN', 'SMP NEGERI 6 LANGSA', 'LAKI-LAKI', 'ALUE DUA, LANGSA BARO, LANGSA', '2020-06-09', '0000-00-00', '', 48, '84,33', '85,00', '81,67', '86,17', '73', '72', '90', '90', '90', '91', '73', '73', '87', '87', '85', '85', '82', '80', '85', '85', '89', '89', '87', '80', '85', '85', '90', '90', '0000-00-00'),
(104, '0045773791', '074', 'TI', '3', 'MUAMMAR KRISNA', 'SMP N 2 LANGSA', 'LAKI-LAKI', 'ALUE BULOH DUSUN SUKA BAKTI ACEH TIMUR', '2020-06-09', '2020-06-15', 'YES', 48, '84,50', '84,67', '84,17', '84,17', '83', '83', '83', '83', '88', '88', '83', '83', '83', '83', '87', '87', '83', '83', '83', '83', '88', '88', '83', '83', '83', '83', '87', '87', '0000-00-00'),
(105, '0054771762', '403', 'TEL', '', 'MUJIBURRAHMAN', 'SMP NEGERI 2 LANGSA', 'LAKI-LAKI', 'LOR C, PAYA BUJOK TUNONG LANGSA', '2020-06-09', '0000-00-00', '', 48, '85,67', '85,67', '87,00', '83,33', '84', '84', '84', '84', '89', '89', '86', '86', '86', '86', '89', '89', '85', '84', '85', '84', '88', '88', '83', '83', '83', '83', '86', '86', '0000-00-00'),
(106, '0053191068', '433', 'TKP', '', 'RIZKY MUBARRAQ', 'SMP NEGERI 3 LANGSA', 'LAKI-LAKI', 'LOR. SAMUDRA, PB. TEUNGOH, LANGSA', '2020-06-09', '0000-00-00', '', 50, '84,67', '84,67', '84,83', '84,67', '85', '84', '84', '83', '86', '86', '82', '82', '82', '83', '90', '90', '82', '82', '85', '85', '86', '86', '84', '84', '80', '82', '89', '87', '0000-00-00'),
(107, '0056814304', '246', 'TM', '', 'MUHAMMAD IQBAL', 'MTS MIM LANGSA', 'LAKI-LAKI', 'PAYA BUJUK SEULEMAK DUSUN BUKIT', '2020-06-09', '0000-00-00', '', 48, '81,50', '78,67', '81,17', '83,00', '82', '82', '82', '81', '81', '81', '82', '82', '83', '83', '78', '79', '77', '76', '75', '74', '86', '84', '80', '80', '83', '85', '85', '85', '0000-00-00'),
(108, '0045092683', '592', 'TO', '', 'MUHAMMAD RAYHAN PRATAMA', 'SMP NEGERI 3 LANGSA', 'LAKI-LAKI', 'Jl. Ahmad Yani, Asrama Hanura, Kota Langsa', '2020-06-09', '0000-00-00', '', 43, '84', '84', '83', '85', '82', '82', '83', '83', '88', '87', '82', '82', '83', '85', '85', '85', '84', '84', '83', '83', '87', '86', '83', '83', '82', '82', '90', '90', '0000-00-00'),
(109, '0055156363', '189', 'TM', '', 'DANDI FAHREZI DAFNA BATU BARA', 'SMP NEGERI 8 LANGSA', 'LAKI-LAKI', 'KP. PONDOK PABRIK KEBUN LAMA LORONG MERPATI LANGSA', '2020-06-09', '0000-00-00', '', 49, '70,50', '66,67', '74,33', '75,00', '50', '60', '78', '70', '75', '79', '72', '73', '72', '73', '77', '78', '60', '60', '60', '60', '78', '80', '72', '70', '70', '72', '81', '83', '0000-00-00'),
(110, '0057284732', '577', 'TO', '', 'UWISNU AQHIL', 'SMP NEGERI 9 LANGSA', 'LAKI-LAKI', 'SEULALAH,KOTA LANGSA', '2020-06-09', '0000-00-00', '', 43, '82', '82', '81', '82', '82', '83', '85', '85', '78', '79', '78', '78', '78', '78', '83', '83', '81', '81', '84', '84', '84', '81', '82', '80', '83', '84', '83', '83', '0000-00-00'),
(111, '12121174000', 'P-004', 'TL', '', 'M. BAGUS HARIANTO', 'MTS TERPADU LANGSA', 'LAKI-LAKI', 'DUSUN PENDIDIKAN PB SEULEUMAK ', '2020-06-09', '0000-00-00', '', 18, '80,50', '80,67', '76,33', '77,50', '79', '79', '80', '80', '83', '82', '74', '74', '75', '75', '80', '80', '82', '81', '82', '81', '79', '79', '78', '75', '80', '76', '78', '78', '2020-06-12'),
(112, '0058368520', '423', 'TEL', '', 'ZULHAKIM', 'SMP NEGERI 9 LANGSA', 'LAKI-LAKI', 'DESA PONDOK PABRIK KEBUN LAMA LANGSA', '2020-06-09', '0000-00-00', '', 48, '83,33', '77,00', '77,00', '80,00', '83', '83', '85', '85', '82', '82', '75', '75', '80', '80', '76', '76', '75', '75', '80', '80', '76', '76', '78', '78', '82', '82', '82', '82', '0000-00-00'),
(113, '0054493003', '585', 'TO', '', 'DAFFA PUTRA PASYA', 'SMP N 3 Langsa', 'LAKI-LAKI', 'Desa Karang Anyer', '2020-06-09', '0000-00-00', '', 49, '84,33', '88', '85,83', '84,17', '84', '83', '82', '82', '87', '88', '84', '84', '86', '86', '87', '88', '86', '86', '90', '90', '88', '88', '83', '83', '82', '83', '87', '89', '0000-00-00'),
(114, '0052473954', '009', 'TI', '4', 'ALIFYA GHINA SYAHRA', 'SMP N 3 LANGSA', 'PEREMPUAN', 'DUSUN BTN SUNGAI PAUH KOTA LANGSA', '2020-06-09', '2020-06-17', 'YES', 49, '86,83', '85,83', '86,67', '87,83', '85', '84', '88', '87', '89', '89', '84', '85', '85', '86', '90', '90', '84', '84', '86', '86', '88', '88', '85', '86', '85', '86', '94', '94', '0000-00-00'),
(115, '0056634418', '142', 'TO', '', 'SHAHIBUL IZARI', 'SMP NEGERI 2 LANGSA', 'LAKI-LAKI', 'SUNGAI LEUNG,LANGSA TIMUR, KOTA LANGSA', '2020-06-09', '0000-00-00', '', 18, '85', '87', '86', '85', '85', '85', '85', '85', '89', '89', '85', '84', '85', '84', '86', '86', '87', '87', '87', '87', '87', '88', '85', '85', '85', '85', '89', '89', '0000-00-00'),
(116, '0055759568', '231', 'TM', '', 'MUH. NUR ALFURQAN', 'SMP NEGERI 3 LANGSA', 'LAKI-LAKI', 'DESA PAYA BUJUK TUNONG LANGSA BARO', '2020-06-09', '0000-00-00', '', 41, '86', '92', '88', '90', '87', '86', '85', '84', '88', '88', '90', '90', '90', '91', '96', '97', '88', '88', '88', '88', '89', '89', '87', '87', '89', '90', '90', '90', '0000-00-00'),
(117, '3054673649', '071', 'TI', '3', 'M. ALBI FEBRIANO', 'SMP N 3 LANGSA', 'LAKI-LAKI', 'DESA ALUE DUA KOTA LANGSA', '2020-06-09', '2020-06-15', 'YES', 48, '89', '86,83', '87,83', '90', '88', '87', '90', '89', '90', '90', '86', '86', '84', '85', '93', '93', '86', '84', '86', '85', '90', '90', '89', '90', '90', '90', '91', '90', '0000-00-00'),
(118, '0046239704', '558', 'TO', '', 'DHAVA ALDI PRAJA', 'SMP N 2 Langsa', 'LAKI-LAKI', 'Desa Meurandeh Dayah', '2020-06-09', '0000-00-00', '', 49, '84,33', '86,50', '86,33', '84,83', '83', '83', '84', '84', '86', '86', '83', '83', '90', '90', '86', '86', '85', '85', '89', '89', '85', '86', '85', '85', '83', '83', '86', '87', '0000-00-00'),
(119, '0051907893', '124', 'TO', '', 'DEWA MULIANDAR', 'SMP NEGERI 2 LANGSA', 'LAKI-LAKI', 'GAMPONG ARAMIAH,ACEH TIMUR', '2020-06-09', '0000-00-00', '', 18, '84', '85', '84', '84', '83', '83', '83', '83', '86', '86', '83', '83', '83', '83', '87', '88', '86', '86', '86', '86', '86', '85', '83', '83', '83', '83', '87', '87', '0000-00-00'),
(120, '0068378937', '354', 'TL', '', 'MUHAMMAD IQBAL MAULANA', 'SMPS MUHAMMADIYAH LANGSA', 'LAKI-LAKI', 'GEDUBANG JAWA', '2020-06-09', '0000-00-00', '', 47, '87,00', '85,17', '89,33', '88,33', '84', '83', '90', '90', '88', '87', '92', '90', '90', '90', '87', '87', '81', '87', '86', '87', '85', '85', '87', '86', '90', '87', '90', '90', '0000-00-00'),
(121, '0057294151', '220', 'TM', '', 'LUTHFI FATHIN', 'SMP NEGERI 3 LANGSA', 'LAKI-LAKI', 'DSN. BAROH LR. ABU MUDA PB. TEUNGOH ', '2020-06-09', '0000-00-00', '', 48, '85,17', '84,67', '85,33', '86,50', '82', '82', '86', '85', '88', '87', '83', '83', '86', '86', '87', '87', '84', '84', '83', '83', '87', '86', '83', '90', '85', '85', '90', '90', '0000-00-00'),
(122, '0060235260', '005', 'TI', '3', 'FEBIYANSYAH', 'SMP N 4 BIREM BAYEUN', 'LAKI-LAKI', 'DSN GIAT ALUE SENTANG ACEH TIMUR', '2020-06-09', '2020-06-15', 'YES', 48, '93,67', '83', '83', '86,17', '99', '99', '90', '94', '90', '90', '85', '80', '83', '82', '83', '85', '82', '81', '83', '82', '85', '85', '88', '87', '84', '84', '87', '87', '0000-00-00'),
(123, '0057866930', '099', 'TI', '', 'MUHAJIR', 'MTS TERPADU LANGSA', 'LAKI-LAKI', 'PAYA BUJUK SEULEMAK LR. CEMPAKA LANGSA', '2020-06-09', '0000-00-00', '', 48, '80', '78,17', '74,67', '76,50', '80', '80', '80', '80', '80', '80', '77', '77', '75', '75', '72', '72', '78', '78', '78', '79', '78', '78', '79', '79', '75', '73', '78', '75', '0000-00-00'),
(124, '0057683851', '192', 'TM', '', 'M. RIFKI', 'MTS MIM LANGSA', 'LAKI-LAKI', 'DESA ALUE DUA DUSUN  MULIA INDAH', '2020-06-09', '0000-00-00', '', 49, '81,00', '81,17', '83,67', '85,50', '83', '83', '82', '80', '78', '80', '83', '83', '86', '86', '82', '82', '80', '78', '85', '85', '79', '80', '82', '83', '85', '85', '89', '89', '0000-00-00'),
(125, '0049279487', '112', 'TO', '', 'RASYA MAULANA', 'SMP N 12 Langsa', 'LAKI-LAKI', 'Jln H. Agus Salim BTN  Pertanian No:73 Gp Blang', '2020-06-09', '0000-00-00', '', 48, '81,17', '76', '72', '76,67', '80', '80', '84', '83', '80', '80', '73', '73', '73', '73', '70', '70', '80', '80', '77', '77', '71', '71', '73', '73', '77', '77', '80', '80', '0000-00-00'),
(126, '0058074455', '718', 'TKP', '', 'HABIEB PUTRA SYAHRIZAL', 'SMP NEGERI 1 BIREM BAYEUN', 'LAKI-LAKI', 'COT MANCANG, BIREM BAYEUN', '2020-06-09', '0000-00-00', '', 50, '88,67', '85,17', '84,50', '87,50', '85', '86', '88', '89', '91', '93', '84', '85', '85', '85', '85', '83', '84', '84', '86', '86', '86', '85', '86', '86', '90', '84', '86', '83', '0000-00-00'),
(127, '0044131768', '675', 'TO', '', 'DIMAS FITRIADI', 'SMP NEGERI 9 LANGSA', 'LAKI-LAKI', 'ALUE CANANG,BIREM BAYEUN,ACEH TIMUR', '2020-06-09', '0000-00-00', '', 18, '91', '83', '92', '80', '88', '88', '92', '92', '92', '94', '92', '98', '90', '90', '90', '96', '82', '82', '83', '83', '84', '83', '78', '78', '78', '78', '85', '85', '0000-00-00'),
(128, '0051374163', '306', 'TL', '', 'FAJAR MAULANA FRAJA', 'SMP NEGERI 3 LANGSA', 'LAKI-LAKI', 'DESA PONDOK KELAPA', '2020-06-09', '0000-00-00', '', 18, '89,50', '88,83', '87,33', '87,50', '87', '87', '90', '90', '91', '92', '85', '86', '85', '86', '90', '92', '90', '87', '90', '88', '89', '89', '87', '88', '85', '87', '90', '90', '2020-06-12'),
(129, '3058034112', '001', 'TI', '3', 'AYU WANDARI', 'MTs N 1 LANGSA', 'PEREMPUAN', 'SUNGAI PAUH KOTA LANGSA', '2020-06-09', '2020-06-15', 'YES', 47, '85', '84', '83', '86,67', '81', '82', '86', '89', '86', '86', '80', '80', '85', '85', '83', '85', '81', '81', '86', '86', '85', '85', '85', '85', '85', '85', '84', '84', '0000-00-00'),
(130, '0056045263', '230', 'TM', '', 'MUAMMAR', 'MTS MIM LANGSA', 'LAKI-LAKI', 'BIREM PUNTONG LANGSA', '2020-06-09', '0000-00-00', '', 48, '84,83', '80,33', '83,50', '85,50', '86', '85', '85', '84', '84', '85', '83', '83', '86', '86', '81', '82', '86', '85', '76', '75', '80', '80', '83', '82', '84', '85', '89', '90', '0000-00-00'),
(131, '0057459296', '348', 'TL', '', 'M. ABDA AZZANI', 'MTS MIM LANGSA', 'LAKI-LAKI', 'JLN. RAMBUTAN III NO. 66 PERUMNAS', '2020-06-09', '0000-00-00', '', 47, '81,00', '77,0', '82,67', '85,60', '84', '82', '80', '80', '80', '80', '84', '84', '84', '85', '79', '80', '76', '76', '75', '75', '80', '80', '84', '84', '80', '82', '87', '88', '0000-00-00'),
(132, '0057606207', '269', 'TM', '', 'DERI DIWANTA', 'SMP NEGERI 9 LANGSA', 'LAKI-LAKI', 'JL. T. UMAR GG. SETIA NO. 529 LK. AW', '2020-06-09', '0000-00-00', '', 48, '83,50', '82,67', '88,50', '78,50', '83', '83', '82', '82', '86', '85', '91', '92', '80', '85', '93', '90', '82', '82', '86', '86', '83', '83', '75', '75', '82', '82', '76', '78', '0000-00-00'),
(133, '0051378494', '461', 'TKP', '', 'MUHADIST SURYA ATMAJA', 'MTS NEGERI 1 LANGSA', 'LAKI-LAKI', 'DUSUN PURNAMA, MEURANDEH TEUNGOH, LANGSA', '2020-06-09', '0000-00-00', '', 41, '89,83', '86,00', '87,33', '86,83', '88', '90', '92', '95', '87', '87', '80', '80', '92', '92', '90', '90', '83', '83', '89', '89', '86', '86', '85', '85', '92', '95', '84', '85', '0000-00-00'),
(134, '0059741734', '327', 'TL', '', 'HAIKAL MAULANA', 'SMP NEGERI 1 LANGSA', 'LAKI-LAKI', 'JL. SYAHKUALA GP. T.TEUNGOH NO 34 LANGSA KOTA', '2020-06-09', '0000-00-00', '', 47, '80,33', '78', '83,33', '81,66', '74', '73', '80', '80', '87', '88', '80', '81', '81', '81', '90', '90', '73', '74', '75', '76', '85', '85', '82', '85', '85', '87', '83', '85', '0000-00-00'),
(135, '0069191462', '522', 'TI', '3', 'M. KHAIRUL AZHAR', 'SMP NEGERI 2 LANGSA', 'LAKI-LAKI', 'LR. D NO. 88, PAYA BUJUK TUNONG LANGSA', '2020-06-09', '2020-06-15', 'YES', 50, '85,33', '86,83', '86,50', '85,17', '83', '83', '83', '83', '89', '91', '83', '83', '90', '90', '86', '87', '85', '85', '86', '86', '90', '89', '83', '83', '84', '84', '89', '88', '0000-00-00'),
(136, '0048632426', 'P-519', 'TKP', '', 'M. NADHIF ABIYYU', 'SMP N 1 LANGSA', 'LAKI-LAKI', 'JL. T. CHIK DITUNONG GG. RAHMAD  NO 52B GP. JAWA TENGAH KOTA LANGSA', '2020-06-09', '0000-00-00', '', 18, '81,5', '89', '80,67', '83,83', '73', '72', '83', '82', '88', '91', '72', '72', '85', '85', '85', '85', '88', '89', '90', '90', '88', '89', '86', '85', '86', '85', '81', '80', '2020-06-13'),
(137, '0055489063', '322', 'TL', '', 'RIFKA PUTRI AYU', 'SMP NEGERI 2 LANGSA', 'PEREMPUAN', 'GEDUBANG JAWA', '2020-06-09', '0000-00-00', '', 47, '88', '87,83', '88,83', '87,66', '86', '87', '88', '87', '89', '91', '90', '90', '90', '90', '86', '87', '86', '86', '90', '90', '87', '88', '90', '90', '85', '85', '88', '88', '0000-00-00'),
(138, '0046048508', '414', 'TKP', '', 'M. AZLIN FURQAN', 'SMP NEGERI 4 LANGSA', 'LAKI-LAKI', 'BTN POLRI, MTG. SEULIMENG, LANGSA', '2020-06-09', '0000-00-00', '', 50, '88,50', '88,50', '87,67', '88,17', '92', '92', '87', '87', '87', '86', '83', '83', '90', '90', '90', '90', '88', '88', '88', '88', '89', '90', '95', '97', '82', '82', '88', '88', '0000-00-00'),
(139, '3036681112', 'P-636', 'TKP', '', 'M. AZZAY ZAINEE', 'MTS MIM Langsa', 'LAKI-LAKI', 'Jln Prof Majid Ibrahim Dsn Malahayati, Seuriget Langsa Barat', '2020-06-09', '0000-00-00', '', 47, '80,33', '75,67', '75', '83', '81', '81', '80', '80', '80', '80', '80', '81', '84', '85', '78', '79', '76', '76', '72', '72', '79', '79', '81', '80', '85', '85', '85', '85', '2020-06-22'),
(140, '0051140074', 'P-172', 'TKP', '', 'M. FARHAN MAULANA', 'MTSN 1 LANGSA', 'LAKI-LAKI', 'BTN POLRI MATANG SEULIMENG', '2020-06-09', '0000-00-00', '', 18, '81', '81', '80', '81', '78', '78', '83', '83', '84', '84', '75', '75', '82', '84', '82', '82', '78', '78', '84', '84', '82', '82', '78', '78', '83', '84', '82', '82', '2020-06-13'),
(142, '0053664335', '319', 'TL', '', 'ZEPRI ARYANDI', 'SMP NEGERI 2 LANGSA', 'LAKI-LAKI', 'DESA KARANG ANYAR', '2020-06-09', '0000-00-00', '', 47, '88', '87,5', '88,83', '87', '88', '88', '88', '88', '87', '89', '88', '88', '90', '90', '88', '89', '86', '86', '90', '90', '86', '87', '90', '90', '84', '84', '87', '87', '0000-00-00'),
(143, '0026047468', '218', 'TM', '', 'JEFRI', 'SMP NEGERI 2 LANGSA', 'LAKI-LAKI', 'KARANG ANYAR KECAMATAN LANGSA BARO', '2020-06-09', '0000-00-00', '', 49, '84,17', '83,67', '84,00', '83,67', '83', '83', '83', '83', '87', '86', '84', '84', '88', '88', '89', '85', '83', '83', '83', '83', '85', '85', '83', '83', '83', '83', '85', '85', '0000-00-00'),
(144, '0057609589', '588', 'TKP', '', 'CALVIN PRATAMA HERDIANSYAH', 'SMP NEGERI 2 LANGSA', 'LAKI-LAKI', 'DESA PONDOK KELAPA, LANGSA', '2020-06-09', '0000-00-00', '', 50, '91,00', '87,17', '85,33', '87,83', '92', '92', '92', '92', '89', '89', '84', '84', '84', '84', '88', '88', '87', '87', '87', '87', '87', '88', '88', '88', '88', '88', '87', '86', '0000-00-00'),
(145, '0069177806', '031', 'TI', '3', 'ARIEFBILLAH DWI PRATAMA', 'SMP S MUHAMMADIYAH LANGSA', 'LAKI-LAKI', 'JL. TPI NO. 16 KEL. MATANG SEULIMENG KOTA LANGSA', '2020-06-09', '2020-06-15', 'YES', 48, '86', '87', '86', '86,50', '82', '81', '90', '90', '86', '87', '84', '82', '88', '88', '88', '86', '90', '86', '89', '87', '85', '85', '84', '83', '89', '87', '88', '88', '0000-00-00'),
(146, '0053012763', '301', 'TL', '', 'WANDA RIZKY MAISYA', 'SMP NEGERI 10 LANGSA', 'LAKI-LAKI', 'DUSUN BAWAH BUKIT PANJANG', '2020-06-09', '0000-00-00', '', 47, '85,83', '89,33', '83,5', '88,33', '89', '86', '82', '82', '88', '88', '83', '83', '83', '83', '84', '85', '89', '90', '88', '88', '90', '91', '88', '89', '88', '89', '87', '87', '0000-00-00'),
(147, '0058029262', '116', 'TO', '', 'DAVI RAKA SYAH', 'SMP N 3 Langsa', 'LAKI-LAKI', 'Dusun Ramai Indah, Alue Dua Bakaran Batee, Langsa Baro', '2020-06-09', '0000-00-00', '', 48, '83,50', '84', '84', '84,67', '83', '82', '82', '82', '86', '86', '83', '83', '83', '83', '85', '85', '82', '82', '82', '82', '88', '88', '84', '84', '82', '82', '88', '88', '0000-00-00'),
(148, '0051843484', '052', 'TKP', '', 'ALDI BUSTAMAN', 'SMP NEGERI 9 LANGSA', 'LAKI-LAKI', 'SIDOREJO, LANGSA', '2020-06-09', '0000-00-00', '', 50, '82,33', '78,33', '77,00', '81,00', '82', '82', '85', '85', '80', '80', '75', '75', '75', '75', '81', '81', '77', '77', '80', '79', '81', '76', '75', '75', '85', '85', '80', '80', '0000-00-00'),
(149, '0058282703', 'P-119', 'TL', '', 'M. TAUFIK IRAWAN', 'MTS TERPADU LANGSA', 'LAKI-LAKI', 'ALUR DUA BAKARAN BATE,LANGSA BARO,KOTA LANGSA', '2020-06-09', '0000-00-00', '', 18, '81', '82', '73', '78', '80', '80', '85', '85', '80', '80', '74', '74', '75', '75', '72', '72', '85', '84', '85', '84', '77', '78', '80', '80', '78', '76', '78', '78', '2020-06-12'),
(150, '0037639340', '372', 'TL', '', 'AMIRIL', 'MTS DARUL HUDA', 'LAKI-LAKI', 'GP. MELIDI KEC. SIMPANG JERNIH', '2020-06-09', '0000-00-00', '', 47, '78,66', '76,33', '75,16', '75,5', '82', '82', '83', '83', '85', '83', '78', '78', '78', '78', '82', '80', '80', '80', '80', '80', '80', '80', '80', '80', '75', '75', '78', '78', '0000-00-00'),
(151, '0058869473', '126', 'TM', '', 'ISMANUDDIN KHALIL', 'MTS MIM LANGSA', 'LAKI-LAKI', 'DESA ALUE DUA KECAMATAN LANGSA BARO', '2020-06-09', '0000-00-00', '', 48, '84,67', '79,50', '82,33', '84,17', '86', '85', '88', '87', '81', '81', '82', '85', '84', '84', '79', '80', '76', '76', '78', '76', '86', '85', '81', '82', '85', '87', '86', '84', '0000-00-00'),
(152, '0051922615', 'P-047', 'TM', '', 'MUHAMMAD FAHRI', 'SMP N 9 LANGSA', 'LAKI-LAKI', 'MEURANDEH', '2020-06-09', '0000-00-00', '', 18, '76,83', '81', '75,83', '79,17', '75', '75', '78', '78', '79', '76', '72', '72', '79', '79', '76', '77', '82', '82', '78', '78', '82', '84', '78', '78', '78', '78', '80', '83', '2020-06-12'),
(153, '0056287712', '468', 'TKP', '', 'M. FURQAN', 'SMP NEGERI 2 LANGSA', 'LAKI-LAKI', 'DUSUN BAHAGIA, PB. TUNONG, LANGSA', '2020-06-09', '0000-00-00', '', 50, '86,17', '88,50', '90,33', '88,33', '85', '85', '85', '85', '89', '88', '92', '92', '92', '92', '89', '85', '88', '87', '88', '87', '89', '92', '90', '90', '90', '90', '90', '89', '0000-00-00'),
(154, '0054633652', 'P-105', 'TM', '', 'MUHAMMAD FACRUR  RAZI HALIM', 'SMP N 1 Langsa', 'LAKI-LAKI', 'Jln Sultan M. Daud, Gampong Daulat, Langsa Kota Kota Langsa', '2020-06-09', '0000-00-00', '', 18, '79,83', '79,33', '78,33', '83,17', '73', '72', '78', '78', '87', '91', '72', '72', '78', '78', '85', '85', '75', '75', '77', '77', '86', '86', '82', '84', '85', '85', '81', '82', '2020-06-13'),
(155, '0052652671', 'P-117', 'TL', '', 'ADITHYA DARMA SAWITA', 'MTS TERPADU LANGSA', 'LAKI-LAKI', 'DUSUN RAMAI INDAH GAMPONG ALUE DUA BAKARAN BATE,LANGSA BARO, KOTA LANGSA', '2020-06-09', '0000-00-00', '', 18, '79', '78', '77', '78', '82', '81', '77', '77', '80', '80', '78', '79', '78', '79', '74', '72', '79', '78', '80', '79', '78', '77', '79', '78', '78', '78', '78', '78', '2020-06-12'),
(156, '0056494693', '460', 'TKP', '', 'NUZUL AMMAR', 'SMP NEGERI 4 LANGSA', 'LAKI-LAKI', 'SIMPANG LHEE', '2020-06-09', '0000-00-00', '', 50, '76,00', '81,83', '81,83', '76,00', '72', '72', '72', '72', '84', '84', '80', '80', '80', '80', '86', '86', '73', '73', '86', '86', '88', '85', '83', '85', '50', '72', '83', '83', '0000-00-00'),
(157, '0054483525', '030', 'TI', '3', 'IRMA SURAYA', 'SMP NEGERI 3 LANGSA', 'PEREMPUAN', 'ALUR DUA BAKARAN BATE LANGSA', '2020-06-09', '2020-06-15', 'YES', 50, '90,33', '87,17', '88', '89,67', '88', '87', '92', '92', '91', '92', '85', '86', '87', '88', '90', '92', '83', '83', '86', '86', '92', '93', '89', '88', '90', '88', '92', '91', '0000-00-00'),
(158, '0047007568', '587', 'TO', '', 'EGA SYAHPUTRA', 'SMP N 3 Langsa', 'LAKI-LAKI', 'Dusun Mulia, Lengkong, Langsa Barat', '2020-06-09', '0000-00-00', '', 48, '84,17', '89', '86,17', '84,83', '84', '82', '82', '82', '88', '87', '85', '85', '87', '87', '87', '86', '87', '87', '90', '90', '90', '90', '85', '82', '82', '83', '88', '89', '0000-00-00'),
(159, '0059514807', '332', 'TL', '', 'ULUL AZMI', 'MTS TERPADU', 'LAKI-LAKI', 'PAYA BUJOK TENGOH', '2020-06-09', '0000-00-00', '', 47, '85,83', '81,33', '84,5', '79,5', '80', '80', '83', '80', '96', '96', '97', '97', '78', '79', '80', '76', '80', '80', '83', '85', '80', '80', '83', '85', '78', '75', '85', '85', '0000-00-00'),
(160, '0055942462', '256', 'TM', '', 'MUHAMMAD FIRMANSYAH', 'SMP NEGERI 4 BIREM BAYEUN', 'LAKI-LAKI', 'ALUE SENTANG KECAMATAN BIREM BAYEUN', '2020-06-09', '0000-00-00', '', 49, '82,17', '78,00', '77,83', '80,17', '78', '78', '80', '81', '88', '88', '74', '74', '78', '78', '83', '80', '76', '76', '78', '78', '80', '80', '86', '85', '81', '81', '78', '70', '0000-00-00'),
(161, '0059676015', '156', 'TO', '', 'MUHAMMAD FAUZI', 'SMP NEGERI 4 LANGSA', 'LAKI-LAKI', 'MATANG SEULIMENG,LANGSA KOTA, KOTA LANGSA', '2020-06-09', '0000-00-00', '', 18, '82', '86', '87', '87', '90', '90', '72', '72', '86', '87', '82', '82', '90', '90', '90', '90', '87', '87', '84', '84', '86', '88', '91', '89', '82', '82', '91', '90', '0000-00-00'),
(162, '0064101816', 'P-053', 'TKP', '', 'DEFA ADHITYA PRAMUDA', 'SMP N 3 LANGSA', 'LAKI-LAKI', 'DSN. SENTRA DESA SIDOREJO', '2020-06-09', '0000-00-00', '', 47, '84,33', '85,67', '85,17', '84,17', '84', '83', '83', '83', '87', '86', '84', '84', '83', '83', '89', '88', '85', '85', '85', '85', '87', '87', '83', '82', '82', '83', '88', '87', '2020-06-22'),
(163, '0051823559', '459', 'TKP', '', 'RAFI ARMANDA', 'SMP NEGERI 7 LANGSA', 'LAKI-LAKI', 'ASAM PEUTIK', '2020-06-09', '0000-00-00', '', 50, '77,67', '88,33', '76,50', '87,67', '65', '60', '75', '80', '90', '90', '75', '75', '72', '73', '82', '82', '84', '84', '92', '92', '89', '89', '92', '93', '83', '85', '90', '90', '0000-00-00'),
(164, '0046386563', '169', 'TO', '', 'ZULFAHMI', 'SMP N 4 Langsa', 'LAKI-LAKI', 'JLn. Prof. A. Majid Ibrahim, Matang Seulimeng, Langsa Barat, Kota Langsa', '2020-06-09', '0000-00-00', '', 43, '86', '87', '87', '88', '85', '85', '87', '87', '86', '85', '85', '85', '87', '87', '90', '90', '80', '80', '90', '90', '91', '90', '91', '90', '85', '82', '91', '90', '0000-00-00'),
(166, '0053154911', '129', 'TO', '', 'MUKHDAWIL MURSALIN', 'SMP N 3 Langsa', 'LAKI-LAKI', 'JLn. TM. Bahrum. Lr Hidayah Paya Bujok Seuleumak, Langsa Baro', '2020-06-09', '0000-00-00', '', 43, '84', '88', '84', '86', '82', '83', '89', '87', '87', '87', '85', '84', '83', '83', '93', '93', '85', '85', '85', '85', '89', '89', '88', '90', '90', '90', '95', '91', '0000-00-00'),
(167, '0052196325', '731', 'TEL', '', 'IRWANDA', 'SMP NEGERI 7 BIREM BAYEUN', 'LAKI-LAKI', 'GP. JAMBO LABU, KEC. BIREM BAYEUN', '2020-06-09', '0000-00-00', '', 49, '78,83', '82,33', '80,17', '80,0', '76', '76', '77', '78', '82', '84', '76', '80', '78', '85', '81', '81', '83', '83', '83', '83', '81', '81', '79', '80', '79', '80', '78', '78', '0000-00-00'),
(168, '0055239321', '462', 'TKP', '', 'SYARIFAH YURNALIS', 'SMP NEGERI 4 LANGSA', 'PEREMPUAN', 'LHOK BANIE', '2020-06-09', '0000-00-00', '', 50, '92,00', '89,67', '89,00', '91,33', '94', '94', '95', '95', '87', '87', '85', '85', '92', '92', '91', '91', '85', '85', '93', '93', '91', '91', '92', '90', '92', '92', '92', '92', '0000-00-00'),
(169, '0049519586', '405', 'TEL', '', 'ALFIDHAH', 'SMP NEGERI 1 BIREM BAYEUN', 'PEREMPUAN', 'DESA PONDOK KEMUNING', '2020-06-09', '0000-00-00', '', 48, '91,00', '85,00', '83,33', '86,83', '90', '86', '90', '90', '95', '95', '82', '82', '85', '85', '83', '83', '84', '84', '86', '86', '85', '85', '85', '85', '90', '90', '85', '84', '0000-00-00'),
(170, '0052990261', '439', 'TM', '', 'GEA RULITIANDO', 'SMP NEGERI 9 LANGSA', 'LAKI-LAKI', 'DESA ASAM PEUTIK DUSUN BUKIT TENGAH', '2020-06-09', '0000-00-00', '', 48, '73,33', '66,17', '66,33', '76,00', '75', '75', '72', '72', '74', '72', '46', '50', '77', '75', '75', '75', '73', '74', '72', '72', '55', '51', '75', '75', '76', '76', '77', '77', '0000-00-00'),
(171, '0055463711', '3003', 'TI', '', 'THABRANI YAFI ', 'SMP N 1 BLANGKEJEREN KAB. GAYO LUES', 'LAKI-LAKI', 'JL. T.M LUDDIN - PENGKALA, BLANGKEJEREN KAB. GAYO LUES', '2020-06-09', '0000-00-00', '', 50, '81,83', '79,33', '77,67', '79', '76', '78', '82', '83', '87', '85', '75', '76', '75', '75', '82', '83', '76', '77', '76', '76', '86', '85', '76', '76', '77', '77', '84', '84', '0000-00-00'),
(172, '0057942707', '445', 'TO', '', 'MUHAMMAD KHALISH', 'SMP N 1 Langsa', 'LAKI-LAKI', 'Dsn Perdamaian Desa Pondok Keumuning', '2020-06-09', '0000-00-00', '', 42, '78', '83', '77', '88', '73', '72', '79', '79', '85', '85', '81', '82', '82', '82', '88', '88', '73', '74', '73', '74', '85', '85', '85', '85', '91', '91', '87', '87', '0000-00-00'),
(173, '0049780044', 'P-637', 'TKP', '', 'HANAFI SALIM', 'MTS MIM LANGSA', 'LAKI-LAKI', 'JL.TM.BAHRUM,LORONG ABU MUDA II DUSUN BARUS', '2020-06-09', '0000-00-00', '', 47, '80', '77', '82', '84', '81', '81', '81', '81', '79', '79', '83', '84', '83', '84', '80', '80', '76', '76', '76', '76', '79', '79', '83', '83', '85', '85', '86', '86', '2020-06-22'),
(174, '0058446298', '467', 'TKP', '', 'RANGGA SYAHPUTRA', 'SMP NEGERI 8 LANGSA', 'LAKI-LAKI', 'SUKARAKYAT', '2020-06-09', '0000-00-00', '', 50, '74,67', '73,83', '76,00', '76,83', '75', '60', '75', '75', '80', '83', '74', '76', '73', '75', '76', '77', '70', '70', '73', '70', '80', '80', '71', '70', '75', '70', '83', '82', '0000-00-00'),
(175, '0046757555', '420', 'TEL', '', 'AL GHIFARI', 'MTS. MIM LANGSA', 'LAKI-LAKI', 'SUNGAI PAUH FIRDAUS', '2020-06-09', '0000-00-00', '', 48, '80,67', '75,83', '82,00', '83,67', '82', '82', '80', '80', '80', '80', '82', '82', '83', '84', '80', '81', '76', '76', '72', '72', '79', '80', '80', '81', '85', '85', '85', '86', '0000-00-00'),
(176, '0052196319', 'P-590', 'TKP', '', 'NAUFAL DZAKY', 'SMP N 7 Langsa', 'LAKI-LAKI', 'Dusun Sumber Sari, Jambo Labu, Birem Bayeun Aceh Timur', '2020-06-09', '0000-00-00', '', 18, '79', '79', '81', '82', '76', '76', '77', '78', '84', '86', '75', '79', '77', '80', '81', '84', '83', '83', '81', '81', '81', '81', '80', '79', '83', '83', '83', '84', '2020-06-13'),
(177, '0054615706', '204', 'TM', '', 'RIO DARMAWAN', 'SMP NEGERI 9 LANGSA', 'LAKI-LAKI', 'ISALAMIK CENTER LR. PENDIDIKAN ', '2020-06-09', '0000-00-00', '', 49, '89,50', '83,67', '84,83', '82,33', '92', '92', '85', '85', '93', '90', '82', '82', '82', '82', '90', '91', '86', '86', '78', '78', '87', '87', '75', '75', '85', '85', '87', '87', '0000-00-00'),
(178, '0043709816', '603', 'TO', '', 'AKMAL ABRAR', 'MTS MIM LANGSA', 'LAKI-LAKI', 'SEURIGET,DUSUN MALAHAYATI', '2020-06-09', '0000-00-00', '', 18, '80', '75', '81', '81', '83', '82', '81', '80', '79', '80', '82', '82', '82', '83', '79', '80', '76', '76', '72', '72', '79', '79', '80', '80', '83', '84', '82', '82', '0000-00-00'),
(179, '0044969711', 'P-612', 'TM', '', 'WIRA PRASETIA', 'SMP N 5 Langsa', 'LAKI-LAKI', 'Dusun Samudra, Meurandeh, Langsa Lama', '2020-06-09', '0000-00-00', '', 18, '75', '76', '76', '77', '72', '72', '72', '72', '80', '83', '72', '73', '78', '75', '80', '80', '72', '72', '72', '72', '87', '82', '72', '73', '82', '82', '79', '79', '2020-06-12'),
(180, '0057982418', '721', 'TL', '', 'RIYAN SYAHPUTRA', 'SMP 5 LANGKAHAN', 'LAKI-LAKI', 'LUBUK PUSAKA LANGKAHAN', '2020-06-09', '0000-00-00', '', 47, '76', '70,16', '75,5', '72,5', '75', '75', '78', '78', '80', '80', '75', '75', '77', '77', '77', '80', '75', '75', '70', '70', '69', '72', '79', '79', '77', '78', '71', '71', '0000-00-00'),
(181, '0059378622', '011', 'TI', '3', 'MUHAMMAD RIZKI SYAH PUTRA', 'SMP N 2 LANGSA', 'LAKI-LAKI', 'DESA KR. ANYAR KOTA LANGSA', '2020-06-09', '2020-06-15', 'YES', 50, '86', '85', '88', '86,33', '85', '85', '86', '86', '87', '87', '88', '88', '90', '90', '87', '85', '84', '83', '85', '84', '87', '87', '85', '84', '85', '84', '90', '90', '0000-00-00'),
(182, '0052121751', '732', 'TEL', '', 'RAFLY ARDIANSYAH', 'MTS. TERPADU LANGSA', 'LAKI-LAKI', 'LHOK BANIE', '2020-06-09', '0000-00-00', '', 48, '78,67', '79,33', '74,00', '77,83', '80', '80', '77', '77', '79', '79', '75', '75', '75', '75', '72', '72', '79', '79', '80', '80', '79', '79', '75', '75', '72', '75', '80', '78', '0000-00-00'),
(183, '0051609985', 'P-599', 'TKP', '', 'JEHAN PRASETIO', 'SMP N 7 Langsa', 'LAKI-LAKI', 'Dusun Sumber Sari, Jambo Labu, Birem Bayeun, Aceh TImur', '2020-06-09', '0000-00-00', '', 18, '79', '80', '79', '79', '76', '76', '77', '78', '82', '84', '76', '79', '77', '80', '81', '85', '79', '79', '77', '77', '81', '81', '79', '79', '80', '80', '78', '78', '2020-06-13'),
(184, '0053858536', '168', 'TO', '', 'FEBRIANSYAH', 'SMP NEGERI 10 LANGSA', 'LAKI-LAKI', 'DESA BUKIT RATA, KEC LANGSA TIMUR, KOTA LANGSA', '2020-06-09', '0000-00-00', '', 49, '84', '85', '80,33', '81,67', '83', '83', '83', '83', '86', '86', '79', '79', '78', '78', '84', '84', '82', '82', '86', '80', '90', '90', '82', '82', '80', '78', '84', '84', '0000-00-00'),
(185, '0055998150', '326', 'TL', '', 'AULIA SYUKRI', 'MTS NEGERI 1 LANGSA', 'LAKI-LAKI', 'DUSUN KAPTEN LIDAN KEL. BAROH LANGSA LAMA', '2020-06-09', '0000-00-00', '', 47, '82,33', '80,33', '80,66', '83,16', '79', '79', '84', '84', '84', '84', '78', '78', '82', '82', '82', '82', '77', '77', '82', '82', '82', '82', '80', '80', '85', '85', '82', '82', '0000-00-00'),
(186, '0054787744', '191', 'TM', '', 'TRI HANDIAN PUTRA', 'MTS MIM LANGSA', 'LAKI-LAKI', 'DUSUN BAHAGIA III MEURANDEH TENGOH LANGSA LAMA', '2020-06-09', '0000-00-00', '', 48, '82,00', '77,83', '82,50', '84,33', '84', '85', '83', '82', '78', '80', '81', '81', '86', '86', '80', '81', '76', '76', '79', '78', '79', '79', '82', '82', '84', '85', '86', '87', '0000-00-00'),
(187, '0052191668', '412', 'TEL', '', 'MUHAMMAD RIDAN WAHYUDI', 'SMP NEGERI 2 LANGSA', 'LAKI-LAKI', 'GEUDUBANG ACEH, DUSUN 1 KEUDE RAMBE', '2020-06-09', '0000-00-00', '', 48, '85,67', '85,00', '83,50', '87,67', '80', '78', '89', '88', '88', '91', '80', '80', '85', '85', '86', '85', '85', '84', '84', '83', '87', '87', '85', '85', '92', '91', '90', '90', '0000-00-00'),
(188, '0054718775', '702', 'TL', '', 'MUHAMMAD RIZKI', 'SMP NEGERI 2 SIMPANG JERNIH', 'LAKI-LAKI', 'DSN MANGGIS DESA MELIDI KEC. SIMPANG JERNIH', '2020-06-09', '0000-00-00', '', 47, '83,33', '80,33', '82,33', '84,83', '78', '80', '86', '84', '87', '85', '77', '80', '85', '80', '84', '85', '86', '79', '77', '75', '84', '79', '89', '80', '78', '85', '86', '87', '0000-00-00'),
(189, '0059778823', '166', 'TO', '', 'ADITHYA WAHYU RAMADANA', 'SMP N 10 Langsa', 'LAKI-LAKI', 'Dusun Melati, Buket Rata, Langsa TImur', '2020-06-09', '0000-00-00', '', 42, '85', '82', '84', '84', '83', '83', '83', '83', '90', '90', '80', '80', '81', '81', '84', '86', '83', '82', '82', '80', '86', '90', '83', '83', '81', '81', '87', '86', '0000-00-00'),
(190, '0059842275', '509', 'TI', '4', 'RYAN ALFIANSYAH', 'SMP N 3 LANGSA', 'LAKI-LAKI', 'JLN. JEND. A. YANI GG. SADAR 113 PB. TUNONG ', '2020-06-09', '2020-06-15', 'YES', 50, '83,5', '88,17', '86', '87', '82', '82', '82', '82', '87', '86', '84', '85', '86', '87', '87', '87', '89', '86', '89', '87', '89', '89', '85', '87', '85', '85', '90', '90', '0000-00-00'),
(191, '0053013634', '077', 'TI', '3', 'AYUB AZANI', 'SMP NEGERI 3 LANGSA', 'LAKI-LAKI', 'LR. CENDANA GEDUBANG JAWA LANGSA', '2020-06-09', '2020-06-15', 'YES', 50, '85,67', '85,5', '84,67', '84,83', '82', '82', '85', '87', '90', '88', '82', '82', '84', '84', '88', '88', '84', '84', '84', '84', '89', '88', '83', '82', '82', '82', '90', '90', '0000-00-00'),
(192, '0053097628', '252', 'TM', '', 'DWI ILHAM AL KAUSAR', 'SMP NEGERI 2 LANGSA', 'LAKI-LAKI', 'GP. KARANG ANYAR KECAMATAN LANGSA BARO', '2020-06-09', '0000-00-00', '', 49, '86,83', '88,17', '86,00', '85,17', '87', '86', '85', '84', '89', '90', '83', '83', '89', '89', '86', '86', '89', '89', '90', '90', '85', '86', '85', '85', '84', '84', '86', '87', '0000-00-00'),
(193, '0053406325', '402', 'TEL', '', 'MUHAMMAD MURTAQI', 'SMP NEGERI 9 LANGSA', 'LAKI-LAKI', 'GP. SEULALAH BARU, DUSUN CENDANA  LOR 1 NO 2', '2020-06-09', '0000-00-00', '', 48, '92,50', '84,67', '85,83', '78,83', '90', '90', '95', '95', '91', '91', '72', '92', '85', '85', '93', '87', '82', '82', '86', '86', '85', '83', '78', '78', '77', '77', '80', '80', '0000-00-00'),
(194, '0054012916', '307', 'TL', '', 'M. ARIANANDA RIZKI', 'SMP NEGERI 4 LANGSA', 'LAKI-LAKI', 'BTN SUNGAI PAUH LR. CENDANA 10', '2020-06-09', '0000-00-00', '', 47, '85,16', '83,66', '85,33', '83,66', '85', '85', '85', '85', '85', '86', '82', '82', '87', '87', '87', '87', '82', '82', '83', '83', '86', '86', '86', '85', '75', '75', '90', '91', '0000-00-00'),
(195, '0059218478', '594', 'TO', '', 'FALDI AFIFI', 'SMP NEGERI 1 LANGSA', 'LAKI-LAKI', 'JL.P POLEM,DUSUN JAWA BARU,GP JAWA', '2020-06-09', '0000-00-00', '', 47, '86', '83', '82,33', '81,67', '85', '85', '86', '86', '87', '87', '80', '80', '81', '81', '86', '86', '78', '78', '84', '84', '86', '86', '80', '80', '80', '80', '85', '85', '0000-00-00'),
(196, '0057212332', 'P-175', 'TEL', '', 'MUHAMMAD FAUZY DAULAY', 'SMP N 10 Langsa', 'LAKI-LAKI', 'Dusun Simpang Tiga Manyak Payed, Aceh Tamianga', '2020-06-09', '0000-00-00', '', 18, '83', '80', '82', '81', '81', '81', '81', '81', '85', '86', '78', '78', '78', '78', '83', '83', '80', '80', '80', '79', '88', '86', '81', '81', '78', '79', '84', '83', '2020-06-13'),
(197, '0055613405', '304', 'TL', '', 'FERDI ARDIANSYAH', 'SMP NEGERI 3 LANGSA', 'LAKI-LAKI', 'PAYA BUJUK SEULEMAK', '2020-06-09', '0000-00-00', '', 47, '82,66', '82,66', '83,33', '82,33', '82', '82', '83', '83', '86', '86', '82', '82', '86', '85', '86', '86', '83', '83', '83', '82', '87', '87', '82', '82', '83', '82', '88', '88', '0000-00-00'),
(198, '0042193023', '733', 'TEL', '', 'DONI IRAWAN', 'SMP NEGERI 7 BIREM BAYEUN', 'LAKI-LAKI', 'JAMBO LABU', '2020-06-09', '0000-00-00', '', 48, '78,83', '79,00', '79,83', '81,17', '76', '76', '77', '78', '82', '84', '75', '79', '79', '80', '81', '85', '79', '78', '77', '77', '82', '81', '79', '80', '89', '80', '78', '81', '0000-00-00'),
(199, '0059246797', '122', 'TO', '', 'M. RENDI TRIANDI', 'SMP NEGERI 3 LANGSA', 'LAKI-LAKI', 'GAMPONG ALUE DUA BAKARAN BATE', '2020-06-09', '0000-00-00', '', 47, '85,17', '83,83', '85,33', '90,33', '82', '82', '87', '85', '88', '87', '84', '84', '86', '86', '86', '86', '82', '82', '82', '82', '87', '88', '90', '90', '92', '90', '90', '90', '0000-00-00'),
(200, '0054993853', '454', 'TKP', '', 'ADITYA RAMADHAN', 'SMP NEGERI 2 LANGSA', 'LAKI-LAKI', 'GG. MAWAR, LENGKONG', '2020-06-09', '0000-00-00', '', 50, '84,33', '87,67', '86,83', '84,17', '83', '83', '83', '83', '89', '85', '86', '86', '86', '86', '89', '88', '88', '88', '88', '88', '87', '87', '84', '84', '84', '84', '86', '87', '0000-00-00'),
(201, '0060034326', '193', 'TO', '', 'RISKY ADITYA', 'MTsN 1 Aceh Tenggara', 'LAKI-LAKI', 'Jln. Durian Raya Perumnas, Paya Bujok Seuleumak, Langsa Baro', '2020-06-09', '0000-00-00', '', 43, '89', '88', '87', '92', '93', '94', '86', '87', '87', '87', '92', '90', '85', '89', '86', '87', '90', '90', '87', '87', '86', '85', '92', '91', '87', '86', '91', '92', '0000-00-00'),
(202, '0046638977', '127', 'TL', '', 'AULIA ZIKRI', 'SMP NEGERI 6 LANGSA', 'LAKI-LAKI', 'MATANG SEULIMENG', '2020-06-09', '0000-00-00', '', 47, '85,83', '84', '80,5', '85', '90', '90', '85', '85', '90', '90', '80', '80', '80', '80', '88', '86', '81', '81', '87', '87', '93', '91', '85', '84', '87', '88', '91', '91', '0000-00-00'),
(203, '0052548497', '102', 'TO', '', 'MUHAMMAD CALVIN', 'MTSN 1 LANGSA', 'LAKI-LAKI', 'JL. A YANI, GP BARU, KEC LANGSA LAMA, KOTA LANGSA', '2020-06-09', '0000-00-00', '', 47, '82,67', '82,67', '80,67', '81,50', '79', '79', '83', '83', '85', '85', '75', '75', '82', '82', '85', '86', '80', '80', '85', '85', '83', '83', '78', '78', '83', '83', '83', '84', '0000-00-00'),
(204, '0054796584', '058', 'TI', '3', 'FADILLAH AMRI', 'SMP NEGERI 6 LANGSA', 'LAKI-LAKI', 'ALUR DUA DUSUN TELADAN LANGSA', '2020-06-09', '2020-06-15', 'YES', 50, '95,67', '94,67', '94,33', '94,5', '95', '94', '97', '98', '95', '95', '94', '93', '94', '94', '96', '95', '92', '95', '95', '95', '96', '95', '94', '94', '93', '92', '96', '98', '0000-00-00'),
(205, '3053069117', '040', 'TI', '3', 'DIRGA DINANTAMA PUTRA', 'SMP N 3 LANGSA', 'LAKI-LAKI', 'DSN. CENDANA GP. GEUDUBANG JAWA KOTA LANGSA', '2020-06-09', '2020-06-15', 'YES', 42, '86,17', '85,67', '86,33', '85', '85', '86', '85', '85', '88', '88', '84', '84', '84', '83', '91', '92', '82', '82', '87', '87', '88', '88', '83', '82', '82', '83', '90', '90', '2020-06-12'),
(206, '0042149826', '143', 'TO', '', 'KHALID MAULANA', 'SMP N 1 Langsa', 'LAKI-LAKI', 'Gp. Seulalah, Kec Langsa Lama, Kota Langsa', '2020-06-09', '0000-00-00', '', 43, '83', '80', '79', '83', '81', '80', '81', '81', '86', '89', '75', '75', '80', '80', '88', '87', '77', '78', '78', '80', '86', '86', '83', '85', '86', '85', '79', '80', '0000-00-00'),
(207, '0051168270', '341', 'TL', '', 'MUHAMMAD FARAZI. S', 'MTSS GEUDUBANG ACEH', 'LAKI-LAKI', 'GAMPONG GEUDUBANG ACEH', '2020-06-09', '0000-00-00', '', 47, '80,66', '78,33', '85,33', '83', '85', '85', '76', '76', '81', '81', '86', '86', '88', '88', '82', '82', '79', '79', '80', '80', '76', '76', '83', '83', '85', '85', '81', '81', '0000-00-00'),
(208, '0053470665', '713', 'TKP', '', 'AQMAL MAULANA', 'MTS. SWASTA NADHATUL ISLAM', 'LAKI-LAKI', 'ALUR PINANG', '2020-06-09', '0000-00-00', '', 50, '84,00', '80,83', '82,17', '81,50', '75', '75', '86', '89', '89', '90', '82', '80', '81', '82', '84', '85', '85', '82', '78', '77', '82', '81', '80', '82', '79', '80', '82', '86', '0000-00-00'),
(209, '0044781235', 'P-111', 'TM', '', 'M. LEO CANDRA', 'SMP NEGERI 11 LANGSA', 'LAKI-LAKI', 'GP ALUE NYAMOK, KEC BIREM BAYEUN', '2020-06-09', '0000-00-00', '', 18, '81,17', '73,50', '81,33', '79,83', '80', '80', '82', '80', '83', '82', '85', '83', '83', '83', '78', '76', '70', '69', '80', '80', '70', '70', '80', '80', '80', '80', '79', '80', '2020-06-12'),
(210, '0052586201', '345', 'TL', '', 'AULIA MAULANA', 'MTS MIM LANGSA', 'LAKI-LAKI', 'ALUE DUA', '2020-06-09', '0000-00-00', '', 47, '82,33', '77', '81,83', '84,33', '83', '84', '83', '83', '81', '80', '82', '83', '83', '84', '79', '80', '76', '76', '73', '72', '82', '83', '80', '81', '84', '85', '88', '88', '0000-00-00'),
(211, '0061640974', '136', 'TO', '', 'MUHAMMAD RAFI AL IKRAM', 'SMP N 2 Langsa', 'LAKI-LAKI', 'Dusun Setia, Karang Anyer, Langsa Baro', '2020-06-09', '0000-00-00', '', 43, '86', '84', '88', '86', '84', '84', '84', '84', '89', '88', '84', '84', '84', '84', '85', '85', '88', '88', '88', '88', '88', '89', '85', '85', '85', '85', '89', '87', '0000-00-00'),
(212, '3068554287', '087', 'TI', '3', 'PRITA ARMA RESYA', 'MTs N 1 LANGSA', 'PEREMPUAN', 'DSN BAHAGIA II MEURANDEH DAYAH', '2020-06-09', '2020-06-15', 'YES', 49, '83,67', '82,33', '87,33', '85,83', '84', '84', '87', '87', '80', '80', '84', '85', '92', '93', '85', '85', '83', '83', '83', '83', '81', '81', '90', '90', '82', '83', '85', '85', '0000-00-00'),
(213, '0055188920', '118', 'TO', '', 'SUHERI RIANSYAH', 'SMP NEGERI 2 LANGSA', 'LAKI-LAKI', 'GP KARANG ANYAR, LORONG C, KEC LANGSA BARO,KOTA LANGSA', '2020-06-09', '0000-00-00', '', 47, '85', '84,17', '89', '85,50', '83', '83', '83', '83', '89', '89', '90', '90', '90', '90', '89', '85', '84', '83', '83', '83', '86', '86', '90', '90', '85', '84', '88', '87', '0000-00-00'),
(214, '0058765703', '104', 'TO', '', 'MUHAMMAD THAMA SYAHVITRI', 'SMP N 3 Langsa', 'LAKI-LAKI', 'Desa Sukarejo, Dusun Pertanian, Langsa', '2020-06-09', '0000-00-00', '', 43, '89', '91', '89', '87', '89', '89', '90', '90', '89', '89', '90', '90', '89', '90', '92', '92', '88', '88', '90', '90', '88', '90', '87', '87', '85', '85', '89', '89', '0000-00-00'),
(215, '0044597298', '331', 'TL', '', 'ALVIN PRASETIA', 'SMP NEGERI 9 LANGSA', 'LAKI-LAKI', 'MEURANDEH, DUSUN TEPIAN DAYA', '2020-06-09', '0000-00-00', '', 47, '90,16', '87,33', '90', '85,16', '91', '90', '90', '90', '92', '87', '85', '85', '95', '95', '90', '90', '87', '88', '89', '89', '84', '87', '85', '85', '85', '85', '86', '85', '0000-00-00'),
(216, '0058775455', '026', 'TI', '4', 'PUTRI REVA MALAHAYATI', 'MTs MIM LANGSA', 'PEREMPUAN', 'GG. NUSA INDAH LR. D PB. TUNONG ', '2020-06-09', '2020-06-16', 'YES', 48, '84', '86,33', '82,50', '88,17', '85', '85', '85', '85', '82', '82', '82', '83', '85', '85', '80', '80', '88', '88', '88', '88', '83', '83', '84', '85', '84', '88', '94', '94', '0000-00-00'),
(217, '0056393617', '670', 'TO', '', 'MUHAMMAD INSANI', 'SMP N 2 Langsa', 'LAKI-LAKI', 'Jln. P. Polem Gg Macan, Langsa Kota. Kota Langsa', '2020-06-09', '0000-00-00', '', 43, '85', '86', '89', '88', '84', '84', '84', '84', '90', '86', '85', '85', '85', '85', '88', '87', '91', '91', '91', '91', '86', '86', '88', '88', '88', '88', '86', '88', '0000-00-00'),
(218, '0043829295', '361', 'TL', '', 'MUHAMMAD AGIL FAJARNA', 'MTS NEGERI 1 LANGSA', 'LAKI-LAKI', 'DUSUN RUKUN DS. GAMPONG BLANG', '2020-06-09', '0000-00-00', '', 47, '78,5', '78', '76,5', '77,83', '78', '78', '84', '84', '84', '84', '76', '78', '81', '81', '82', '82', '80', '80', '87', '87', '82', '82', '80', '80', '82', '82', '82', '82', '0000-00-00'),
(219, '0053357801', '431', 'TEL', '', 'KAUTSAR', 'SMP NEGERI 1 LANGSA', 'LAKI-LAKI', 'GP. DAULAT DUSUN II', '2020-06-09', '0000-00-00', '', 48, '85,33', '82,67', '85,00', '83,50', '75', '76', '88', '88', '91', '94', '81', '82', '82', '82', '92', '91', '73', '74', '78', '79', '92', '91', '83', '84', '84', '85', '86', '88', '0000-00-00'),
(220, '0055808901', '209', 'TL', '', 'MUHAMMAD MUHAIMIN', 'SMP NEGERI 13 LANGSA', 'LAKI-LAKI', 'DUSUN SATRIA RT 004 SUNGAI PAUH', '2020-06-09', '0000-00-00', '', 47, '84,66', '80,66', '83,33', '82,5', '85', '86', '85', '86', '83', '83', '86', '86', '83', '82', '83', '83', '79', '80', '80', '79', '83', '83', '81 ', '80', '84', '83', '84', '83', '0000-00-00'),
(221, '0046722743', '029', 'TI', '', 'RIZKY ADELIA PUTRI', 'SMP N 3 LANGSA', 'PEREMPUAN', 'BIREM RAYEUK', '2020-06-09', '0000-00-00', '', 48, '87,17', '87,67', '86,17', '89,17', '85', '85', '88', '88', '90', '87', '84', '85', '85', '86', '89', '88', '89', '87', '87', '86', '89', '88', '89', '88', '90', '90', '89', '89', '0000-00-00'),
(222, '0053185144', '580', 'TO', '', 'M. RAYZA HAIKAL', 'SMP N 2 Langsa', 'LAKI-LAKI', 'Dsn I Keude Rambe, Geudubang Aceh, Langsa Baro', '2020-06-09', '0000-00-00', '', 43, '84', '87', '89', '84', '83', '83', '83', '83', '86', '86', '87', '87', '87', '87', '86', '86', '90', '90', '90', '90', '86', '86', '83', '83', '83', '83', '87', '87', '0000-00-00'),
(223, '0053455055', '101', 'TL', '', 'AL HAIKAL MARZIE RAMADHAN', 'SMP NEGERI 9 LANGSA', 'LAKI-LAKI', 'JL. A YANI, GG DAMAI, KAMPUNG BARU, KEC LANGSA LAMA, KOTA LANGSA', '2020-06-09', '0000-00-00', '', 18, '79', '80', '75', '78', '82', '82', '75', '75', '83', '80', '72', '72', '78', '78', '76', '75', '82', '82', '78', '78', '81', '84', '75', '75', '78', '78', '81', '82', '2020-06-13'),
(224, '0052196320', '725', 'TL', '', 'MUHAMMAD REYHAN ILHAM', 'SMP NEGERI 7 BIREM BAYEUN', 'LAKI-LAKI', 'JAMBO LABU DUSUN SIDOGOLEK', '2020-06-09', '0000-00-00', '', 47, '81', '79,83', '79,16', '82,83', '78', '77', '79', '80', '85', '87', '75', '80', '78', '80', '81', '82', '83', '83', '85', '83', '81', '81', '82', '82', '83', '83', '83', '84', '0000-00-00'),
(225, '0053916416', '091', 'TI', '4', 'M. YUSUF', 'SMP N 3 LANGSA', 'LAKI-LAKI', 'JL. MANGGA II NO 275 PERUMNAS', '2020-06-09', '2020-06-15', 'YES', 48, '86,50', '88,33', '90,50', '87,83', '85', '85', '87', '86', '89', '87', '90', '90', '90', '90', '91', '92', '85', '85', '88', '88', '92', '92', '88', '86', '82', '84', '85', '92', '0000-00-00'),
(226, '0052653672', '303', 'TL', '', 'FARIS APRIANSYAH', 'SMP NEGERI 2 LANGSA', 'LAKI-LAKI', 'DUSUN MULYA KARANG ANYAR', '2020-06-09', '0000-00-00', '', 47, '86,6', '84,3', '85,8', '88', '85', '85', '87', '86', '87', '90', '86', '86', '85', '85', '88', '85', '84', '83', '84', '83', '86', '86', '87', '87', '90', '84', '90', '90', '0000-00-00'),
(227, '3050496749', 'P-581', 'TM', '', 'HARIS MUHASIBI', 'MTSS GEDUBANG ACEH', 'LAKI-LAKI', 'DESA GEDUBANG ACEH, KEC LANGSA BARO, KOTA LANGSA', '2020-06-09', '0000-00-00', '', 18, '82', '81', '79', '78', '80', '80', '77', '77', '80', '80', '85', '85', '87', '87', '80', '80', '79', '79', '80', '80', '73', '73', '83', '83', '83', '83', '77', '77', '2020-06-12'),
(228, '0051733240', 'P-079', 'TKP', '', 'T. AFIF ZAHIRAN', 'SMP NEGERI 1 LANGSA', 'LAKI-LAKI', 'JL. H. AGUSSALIM KP. BLANG LANGSA KOTA', '2020-06-09', '0000-00-00', '', 18, '86', '79', '76,33', '83,83', '80', '82', '87', '88', '88', '91', '72', '72', '72', '72', '85', '85', '77', '78', '73', '74', '86', '86', '78', '80', '86', '86', '86', '87', '2020-06-13'),
(230, '0056527430', '343', 'TL', '', 'ARDIANSYAH', 'MTS NEGERI 1 LANGSA', 'LAKI-LAKI', 'GP. SEUNEUBOK ANTARA KEC. LANGSA TIMUR', '2020-06-09', '0000-00-00', '', 47, '87,3', '85,1', '85,3', '91,8', '86', '90', '86', '90', '86', '86', '85', '85', '85', '85', '85', '87', '83', '83', '87', '87', '84', '84', '95', '95', '95', '95', '85', '86', '0000-00-00'),
(231, '0057111645', '141', 'TO', '', 'M. IHSAN', 'SMP N 4 Manyak Payed', 'LAKI-LAKI', 'Dusun Simpang Tiga, Paya Ketenggar, Manyak Payed Aceh Tamiang', '2020-06-09', '0000-00-00', '', 43, '86', '82', '79', '80', '86', '85', '85', '80', '90', '87', '75', '80', '85', '80', '85', '89', '73', '80', '75', '75', '89', '89', '84', '85', '77', '73', '80', '80', '0000-00-00'),
(232, '0056759626', '075', 'TI', '', 'NAZRIL AULIA', 'SMP N 4 LANGSA', 'LAKI-LAKI', 'SUNGAI PAUH TANJUNG', '2020-06-09', '0000-00-00', '', 48, '79,50', '84', '84', '82,50', '72', '72', '72', '87', '87', '87', '82', '82', '85', '85', '85', '85', '85', '85', '83', '83', '84', '84', '87', '90', '72', '72', '87', '87', '0000-00-00'),
(233, '0056572883', '238', 'TM', '', 'RIMAS SYAHDIANTO', 'SMP NEGERI 6 LANGSA', 'LAKI-LAKI', 'PAYA BILI II', '2020-06-09', '0000-00-00', '', 48, '90,17', '89,00', '86,67', '89,17', '85', '85', '95', '95', '90', '91', '88', '88', '87', '87', '85', '85', '85', '83', '90', '90', '88', '88', '88', '88', '89', '90', '90', '90', '0000-00-00');
INSERT INTO `pendaftar` (`id`, `nisn`, `no_formulir`, `kd_jurusan`, `id_kelas`, `nama`, `asal_sekolah`, `gender`, `alamat`, `tgl_daftar`, `tgl_daftar_ulang`, `daftar_ulang`, `id_user`, `bind`, `bing`, `mtk`, `ipa`, `BIN_VIII_1_P`, `BIN_VIII_1_K`, `BIN_VIII_2_P`, `BIN_VIII_2_K`, `BIN_IX_1_P`, `BIN_IX_1_K`, `MTK_VIII_1_P`, `MTK_VIII_1_K`, `MTK_VIII_2_P`, `MTK_VIII_2_K`, `MTK_IX_1_P`, `MTK_IX_1_K`, `BING_VIII_1_P`, `BING_VIII_1_K`, `BING_VIII_2_P`, `BING_VIII_2_K`, `BING_IX_1_P`, `BING_IX_1_K`, `IPA_VIII_1_P`, `IPA_VIII_1_K`, `IPA_VIII_2_P`, `IPA_VIII_2_K`, `IPA_IX_1_P`, `IPA_IX_1_K`, `last_update`) VALUES
(234, '0053598402', '553', 'TO', '', 'ARI SUSANTO', 'SMP N 1 Rantau Selamat', 'LAKI-LAKI', 'Dsn Peuto Sari, Sarah Kayee, Rantau Selamat, Aceh Timur', '2020-06-09', '0000-00-00', '', 43, '86', '81', '79', '87', '80', '83', '89', '86', '88', '87', '80', '80', '79', '79', '85', '85', '76', '77', '76', '77', '85', '85', '85', '85', '88', '88', '88', '90', '0000-00-00'),
(235, '0053969178', '734', 'TEL', '', 'MAULANA AKBAR', 'SMP NEGERI 5 LANGSA', 'LAKI-LAKI', 'GP. TEUNGOH, LR. NGA', '2020-06-09', '0000-00-00', '', 48, '78,67', '85,67', '79,00', '79,17', '78', '76', '75', '75', '85', '83', '75', '78', '80', '80', '81', '80', '80', '79', '90', '90', '87', '88', '73', '74', '83', '82', '79', '79', '0000-00-00'),
(236, '0054756318', '576', 'TO', '', 'NOVFANDA SADEWA', 'SMP NEGERI 2 LANGSA', 'LAKI-LAKI', 'KP SIDOREJO,KEC LANGSA LAMA KOTA LANGSA', '2020-06-09', '0000-00-00', '', 47, '87', '87', '88', '86', '85', '85', '92', '91', '85', '86', '88', '87', '89', '88', '87', '87', '88', '88', '88', '88', '89', '88', '86', '86', '88', '84', '86', '86', '0000-00-00'),
(237, '0054392894', '225', 'TL', '', 'RADITYA ARYASATYA', 'SMP NEGERI 3 LANGSA', 'LAKI-LAKI', 'DSN KELAPA HIJAU GP. PONDOK KELAPA', '2020-06-09', '0000-00-00', '', 47, '84,33', '75,67', '81,17', '83,50', '82', '82', '85', '84', '87', '86', '83', '83', '83', '83', '86', '87', '83', '83', '83', '83', '85', '85', '82', '82', '85', '85', '88', '88', '0000-00-00'),
(238, '0059754871', '649', 'TO', '', 'IKHWAN HAFIDZ', 'SMP N 1 Langsa', 'LAKI-LAKI', 'Dusun Ikhlas, Gampong Blang, Langsa Kota', '2020-06-09', '0000-00-00', '', 43, '85', '79', '81', '79', '83', '83', '85', '85', '86', '86', '75', '75', '75', '75', '86', '86', '75', '78', '80', '80', '86', '86', '75', '75', '76', '76', '86', '85', '0000-00-00'),
(239, '0059340144', '015', 'TI', '4', 'M. ILHAM ARRAZZAQ', 'SMP N 2 LANGSA', 'LAKI-LAKI', 'DSN II ALOE SABOH  GEUDUBANG ACEH', '2020-06-09', '2020-06-18', 'YES', 48, '89,67', '87,17', '91,17', '91,33', '89', '89', '89', '89', '91', '91', '89', '89', '90', '91', '94', '94', '86', '86', '88', '88', '87', '88', '93', '93', '92', '93', '88', '89', '0000-00-00'),
(240, '0059275459', '328', 'TL', '', 'RAMADHAN', 'SMP NEGERI 1 LANGSA', 'LAKI-LAKI', 'BTN BSP BLOK B NO.3 MATANG SELIMENG', '2020-06-09', '0000-00-00', '', 47, '84,1', '77,6', '77,3', '85,1', '78', '78', '86', '87', '86', '89', '72', '72', '75', '75', '85', '85', '73', '74', '73', '74', '86', '86', '84', '84', '85', '85', '85', '86', '0000-00-00'),
(241, '0051594286', '033', 'TI', '4', 'MUHAMMAD FAKHRI', 'SMP NEGERI 3 LANGSA', 'LAKI-LAKI', 'KOMPLEK DENO INDAH BIREM PUNTONG LANGSA', '2020-06-09', '2020-06-15', 'YES', 50, '85', '85', '84', '85', '83', '83', '83', '83', '88', '87', '82', '82', '82', '82', '87', '87', '83', '83', '86', '86', '88', '86', '82', '82', '82', '82', '90', '90', '0000-00-00'),
(242, '0057710730', '215', 'TM', '', 'ANGGI ABDUH ROZAQ', 'SMP NEGERI 11 LANGSA', 'LAKI-LAKI', 'ALUE DUA BAKARAN BATEE', '2020-06-09', '0000-00-00', '', 49, '75,83', '70,67', '72,33', '78,67', '72', '70', '79', '78', '79', '77', '69', '69', '75', '74', '74', '73', '68', '68', '74', '74', '70', '70', '74', '80', '80', '80', '79', '79', '0000-00-00'),
(243, '0044740970', '199', 'TO', '', 'RISKY ARDIATA', 'SMP NEGERI 6 LANGSA', 'LAKI-LAKI', 'DESA PAYA BILI II, KEC BIREM BAYEUN, KAB ACEH TIMUR', '2020-06-09', '0000-00-00', '', 18, '90', '91', '93', '92', '85', '85', '95', '95', '92', '92', '96', '96', '90', '90', '93', '94', '87', '83', '95', '93', '94', '94', '90', '90', '94', '95', '94', '94', '0000-00-00'),
(244, '0053940313', '644', 'TO', '', 'IRFAN PENGESTU PRAYOGA', 'SMP N 3 Langsa', 'LAKI-LAKI', 'Dusun Pendidikan, Desa Paya Bujok Seulemak, Kecamatan Langsa Baro', '2020-06-09', '0000-00-00', '', 43, '84', '84', '84', '86', '82', '82', '83', '83', '86', '86', '83', '83', '83', '84', '87', '86', '82', '82', '83', '83', '86', '86', '83', '86', '85', '85', '90', '86', '0000-00-00'),
(245, '0059067481', '406', 'TEL', '', 'MUHAMMAD ROYAN FADILLAH', 'SMP NEGERI 8 LANGSA', 'LAKI-LAKI', 'DESA PONDOK KEMUNING', '2020-06-09', '0000-00-00', '', 48, '76,67', '79,50', '79,83', '80,67', '55', '65', '85', '82', '84', '89', '78', '78', '80', '80', '81', '82', '78', '75', '80', '75', '86', '83', '75', '73', '80', '82', '89', '84', '0000-00-00'),
(246, '0057012462', '208', 'TL', '', 'ALVITO DEAN NOVA', 'SMP NEGERI 3 LANGSA', 'LAKI-LAKI', 'PTPN1 KEBUN BARU P. MALVINAS', '2020-06-09', '0000-00-00', '', 47, '84,33', '84,33', '85,0', '84,17', '84', '83', '83', '82', '88', '88', '83', '83', '82', '82', '90', '90', '82', '82', '85', '85', '86', '86', '84', '83', '80', '80', '90', '90', '0000-00-00'),
(247, '0055631515', '3024', 'TI', '4', 'SALSA  RAHMADHINI', 'SMP N 9 LANGSA', 'PEREMPUAN', 'DUSUN KENANGA DESA SEULALAH BARU ', '2020-06-09', '2020-06-15', 'YES', 48, '86,33', '84,83', '90,67', '81,50', '78', '78', '90', '90', '91', '91', '90', '90', '90', '90', '92', '92', '80', '80', '87', '87', '88', '87', '80', '80', '80', '80', '85', '84', '0000-00-00'),
(248, '0051182343', '404', 'TEL', '', 'M. RAEZAL PRAYOGA', 'SMP NEGERI 1 LANGSA', 'LAKI-LAKI', 'MEURANDEH TEUNGOH', '2020-06-09', '0000-00-00', '', 48, '81,50', '72,50', '84,00', '81,67', '72', '72', '88', '87', '85', '85', '85', '86', '78', '78', '88', '89', '72', '73', '73', '74', '71', '72', '72', '75', '85', '85', '83', '85', '0000-00-00'),
(249, '0067021444', '217', 'TM', '', 'GUSTI ALHADI RACHMATULLAH', 'SMP NEGERI 11 LANGSA', 'LAKI-LAKI', 'DUSUN MAKMUR INDAH DESA ALUR DUA ', '2020-06-09', '0000-00-00', '', 49, '82,33', '72,33', '82,67', '76,83', '80', '80', '80', '75', '92', '87', '90', '85', '85', '85', '76', '75', '70', '69', '80', '75', '70', '70', '75', '75', '75', '75', '81', '80', '0000-00-00'),
(250, '0052069493', '194', 'TO', '', 'M. RAFI AMBIA', 'MTsN 2 Aceh Timur', 'LAKI-LAKI', 'Dusun Timur, Keutapang Mameh, Idi Rayeuk, Aceh Timur', '2020-06-09', '0000-00-00', '', 43, '70', '79', '84', '81', '81', '82', '86', '87', '85', '85', '83', '75', '72', '75', '84', '82', '82', '82', '90', '90', '79', '80', '79', '81', '80', '81', '81', '85', '0000-00-00'),
(251, '0051725493', '070', 'TI', '4', 'MUHAMMAD QAFRAWI', 'SMP N 4 LANGSA', 'LAKI-LAKI', 'LR. PETUA PIAH MATANG SEULIMENG', '2020-06-09', '2020-06-15', 'YES', 48, '84', '86', '85', '87,17', '92', '92', '72', '72', '89', '87', '82', '82', '87', '87', '85', '87', '84', '84', '87', '87', '87', '87', '91', '92', '82', '82', '89', '87', '0000-00-00'),
(252, '0058237671', '583', 'TM', '', 'RAFLY GUSTIAN PRANATA', 'MTs NEGERI 1 LANGSA', 'LAKI-LAKI', 'GAMPONG SEULALAH', '2020-06-09', '0000-00-00', '', 48, '82,67', '82,33', '81,83', '81,33', '78', '78', '84', '84', '86', '86', '78', '78', '82', '82', '85', '86', '80', '80', '84', '84', '83', '83', '80', '80', '82', '82', '82', '82', '0000-00-00'),
(253, '0047392432', 'P-237', 'TM', '', 'SAID MUNAWAR', 'SMP NEGERI 8 LANGSA', 'LAKI-LAKI', 'DESA PONDOK KEUMUNING, KEC LANGSA LAMA, KOTA LANGSA', '2020-06-09', '0000-00-00', '', 18, '69', '69', '64', '77', '55', '65', '73', '73', '75', '75', '50', '50', '71', '72', '72', '72', '55', '65', '70', '70', '77', '79', '78', '78', '75', '75', '79', '80', '2020-06-13'),
(254, '0057163213', '466', 'TKP', '', 'M. FAKHRI', 'SMP NEGERI 3 LANGSA', 'LAKI-LAKI', 'JLN. PENDIDIKAN NO. 93, PB. BEUROMO, LANGSA', '2020-06-09', '0000-00-00', '', 50, '85,17', '86,17', '87,17', '88,33', '83', '83', '85', '85', '88', '87', '85', '86', '86', '87', '90', '89', '85', '84', '85', '85', '89', '89', '88', '88', '87', '87', '94', '91', '0000-00-00'),
(255, '0055203567', '618', 'TO', '', 'WAHYU PRATAMA', 'SMP N 7 Birem Bayeun', 'LAKI-LAKI', 'Dusun Sido Golek, Jambu Labu, Birem Bayeun, Aceh Timur', '2020-06-09', '0000-00-00', '', 48, '78,83', '82', '78,33', '79,50', '76', '76', '77', '78', '82', '84', '72', '79', '77', '80', '81', '81', '83', '83', '83', '82', '80', '81', '79', '80', '80', '80', '79', '79', '0000-00-00'),
(256, '0068022290', '516', 'TI', '', 'NASYWA YURIZAL', 'MTs N 1 LANGSA', 'PEREMPUAN', 'GP. ALUE BEURAWE KOTA LANGSA', '2020-06-09', '0000-00-00', '', 48, '89,67', '84', '85,17', '90,33', '90', '90', '90', '94', '87', '87', '85', '85', '85', '85', '85', '86', '81', '81', '87', '87', '84', '84', '88', '90', '90', '90', '92', '92', '0000-00-00'),
(257, '0056330130', '128', 'TO', '', 'ANGGIA RAGIL', 'SMP NEGERI 6 LANGSA', 'LAKI-LAKI', 'LORONG SATRI, DESA BIRIM PUNTONG, KEC LANGSA BARO, KOTA LANGSA', '2020-06-09', '0000-00-00', '', 42, '92', '90', '88', '90', '91', '89', '94', '95', '92', '92', '84', '83', '90', '90', '94', '92', '92', '95', '90', '90', '89', '89', '90', '90', '90', '89', '92', '93', '0000-00-00'),
(258, '3050811169', '025', 'TI', '3', 'MUHAMMAD YASIR', 'MTs N 1 LANGSA', 'LAKI-LAKI', 'DESA ALUR MERBAU', '2020-06-09', '2020-06-15', 'YES', 47, '86', '83,67', '83,67', '86,17', '85', '86', '87', '88', '87', '88', '80', '80', '86', '87', '86', '87', '80', '80', '88', '88', '88', '88', '83', '83', '92', '92', '92', '92', '0000-00-00'),
(259, '0055055326', '093', 'TI', '', 'FITDRIAN MAULANA', 'SMP NEGERI 2 LANGSA', 'LAKI-LAKI', 'GAMPONG KARANG ANYAR LANGSA', '2020-06-09', '0000-00-00', '', 50, '88,83', '86', '89,83', '92', '87', '88', '89', '89', '90', '90', '89', '89', '88', '89', '92', '92', '85', '85', '88', '87', '85', '86', '92', '91', '93', '93', '90', '93', '0000-00-00'),
(260, '0054535730', '176', 'TO', '', 'MUHAMMAD KHALIL', 'MTS YAPILA LANGSA', 'LAKI-LAKI', 'SEURIGIT DUSUN MALAHAYATI', '2020-06-09', '0000-00-00', '', 42, '80', '78', '80', '80', '83', '82', '85', '85', '92', '92', '78', '78', '79', '78', '89', '86', '81', '80', '78', '78', '80', '76', '78', '78', '80', '80', '83', '83', '0000-00-00'),
(261, '13860100514', '041', 'TI', '4', 'AFRIZA TRIAN DARUM', 'SMP N 3 LANGSA', 'LAKI-LAKI', 'ALUR DUA LR. SERI', '2020-06-09', '2020-06-17', 'YES', 47, '85,33', '86,50', '86,17', '87', '83', '82', '87', '89', '84', '84', '80', '81', '82', '83', '83', '83', '88', '86', '84', '82', '84', '84', '82', '82', '88', '86', '83', '83', '0000-00-00'),
(262, '0056748378', 'P-655', 'TM', '', 'EVAL ALFIANSYAH', 'SMP NEGERI 5 LANGSA', 'LAKI-LAKI', 'DESA ALUE CANANG ACEH TIMUR', '2020-06-09', '0000-00-00', '', 18, '75,65', '85,33', '80', '77,33', '74', '72', '74', '72', '83', '79', '74', '74', '88', '88', '81', '80', '80', '79', '90', '90', '86', '87', '73', '73', '82', '80', '78', '78', '2020-06-12'),
(263, '0053524772', '502', 'TI', '', 'BAYU IRAWAN', 'SMP N 5 LANGSA', 'LAKI-LAKI', 'ALUE CANANG', '2020-06-09', '0000-00-00', '', 47, '76,83', '81,83', '77,83', '77,67', '76', '72', '76', '76', '83', '82', '73', '73', '80', '80', '81', '80', '77', '77', '81', '81', '87', '88', '73', '74', '81', '81', '79', '78', '0000-00-00'),
(264, '0058295650', 'P-066', 'TKP', '', 'MUHAMMAD RENDY', 'SMP NEGERI 9 LANGSA', 'LAKI-LAKI', 'BLOK PJKA BLANG PASEH LANGSA', '2020-06-09', '0000-00-00', '', 18, '86,33', '86,5', '80', '78,83', '82', '82', '93', '93', '90', '78', '84', '84', '73', '73', '83', '83', '83', '83', '86', '86', '90', '91', '72', '72', '78', '80', '85', '86', '2020-06-12'),
(265, '0057178714', '061', 'TI', '4', 'ALDI', 'SMP N 6 LANGSA', 'LAKI-LAKI', 'PAYA BILI II', '2020-06-09', '2020-06-16', 'YES', 48, '90', '86,50', '84,33', '89,5', '90', '89', '91', '90', '90', '90', '82', '81', '83', '83', '84', '85', '83', '85', '87', '87', '88', '89', '90', '90', '89', '88', '90', '90', '0000-00-00'),
(266, '0054810288', '013', 'TI', '3', 'FITRIYA', 'SMP N 3 LANGSA', 'PEREMPUAN', 'LR. TIMBANGAN GP. TEUNGOH', '2020-06-09', '2020-06-15', 'YES', 49, '87,50', '87,33', '88,83', '91,67', '86', '85', '88', '87', '89', '90', '90', '88', '88', '86', '90', '91', '83', '83', '85', '85', '94', '94', '95', '90', '96', '90', '90', '89', '0000-00-00'),
(267, '0051084447', '014', 'TI', '3', 'KHAYRUR RASYIDDIN', 'SMP N 2 LANGSA', 'LAKI-LAKI', 'DESA SIDOREJO DSN MULIA', '2020-06-09', '2020-06-15', 'YES', 47, '89,33', '86,67', '88,17', '91,83', '89', '88', '89', '90', '90', '90', '87', '87', '85', '86', '92', '92', '85', '85', '89', '89', '86', '86', '90', '91', '92', '92', '93', '93', '0000-00-00'),
(268, '0054621396', '034', 'TI', '4', 'ANGGITA MEIDANI', 'SMP N 3 LANGSA', 'PEREMPUAN', 'ALUE DUA BAKARAN BATEE', '2020-06-09', '2020-06-15', 'YES', 47, '86,67', '86,50', '85', '89,17', '84', '85', '87', '87', '89', '88', '83', '84', '85', '86', '86', '86', '83', '83', '86', '85', '92', '90', '84', '85', '89', '91', '94', '92', '0000-00-00'),
(269, '0055930020', '022', 'TI', '4', 'YUSSYFA ARUM', 'SMP NEGERI 2 LANGSA', 'PEREMPUAN', 'GAMPONG LENGKONG LANGSA', '2020-06-09', '2020-06-15', 'YES', 50, '92,17', '90,5', '88,67', '91,67', '93', '93', '93', '93', '93', '93', '89', '89', '89', '89', '94', '94', '91', '91', '91', '91', '90', '91', '90', '90', '90', '90', '92', '94', '0000-00-00'),
(270, '0057895512', '023', 'TI', '3', 'LULU KANIA', 'SMP N 2 LANGSA', 'PEREMPUAN', 'GP. LENGKONG', '2020-06-09', '2020-06-15', 'YES', 47, '89,33', '87,83', '88,67', '89,80', '90', '90', '90', '90', '88', '88', '88', '86', '88', '86', '92', '92', '89', '89', '89', '89', '85', '86', '90', '90', '90', '90', '89', '88', '0000-00-00'),
(271, '0046631581', '084', 'TI', '3', 'SATRIA AKBAR RIZKI', 'SMP N 6 LANGSA', 'LAKI-LAKI', 'PERUM AVINA BIREM PUNTONG SIMPANG KOMODOR', '2020-06-09', '2020-06-18', 'YES', 47, '92,67', '92,17', '92,17', '94,50', '90', '90', '95', '95', '93', '93', '89', '89', '95', '95', '90', '95', '87', '88', '95', '92', '96', '95', '93', '93', '93', '94', '96', '98', '0000-00-00'),
(272, '0054356489', '3013', 'TI', '4', 'ARRIDHA', 'SMP N 1 LANGSA', 'LAKI-LAKI', 'JLN.PROF.A.MAJID IBRAHIM MATANG SEULIMENG KOTA LANGSA', '2020-06-09', '2020-06-15', 'YES', 47, '83,67', '87,83', '84,83', '86,17', '73', '72', '85', '84', '92', '96', '82', '82', '85', '85', '88', '87', '85', '86', '89', '90', '88', '89', '82', '82', '87', '90', '86', '90', '0000-00-00'),
(273, '0045598978', '076', 'TI', '4', 'YUDHA ALFITRA', 'SMP NEGERI 2 LANGSA', 'LAKI-LAKI', 'DESA GEUDUBANG JAWA KEC. LANGSA BARO', '2020-06-09', '2020-06-15', 'YES', 47, '84,33', '85,67', '83', '84,33', '82', '82', '82', '82', '89', '89', '82', '82', '82', '82', '85', '85', '84', '83', '88', '88', '85', '86', '82', '82', '83', '83', '87', '89', '0000-00-00'),
(274, '0051519693', '078', 'TI', '', 'M. ILHAM TRIARFAN', 'MTs N 1 LANGSA', 'LAKI-LAKI', 'GP. SUKAREJO KEC. LANGSA TIMUR KOTA LANGSA', '2020-06-09', '0000-00-00', '', 47, '83,67', '82', '82,67', '84,83', '79', '78', '86', '89', '85', '85', '78', '80', '85', '85', '83', '85', '78', '78', '84', '84', '84', '84', '80', '80', '90', '90', '84', '85', '0000-00-00'),
(275, '0054375127', '3017', 'TI', '4', 'M. ZAKI MARDHATILLAH', 'SMPS MUHAMMADIYAH', 'LAKI-LAKI', 'KAMPUNG SIDORJO LANGSA', '2020-06-09', '2020-06-15', 'YES', 50, '84', '83,17', '84,17', '84,67', '81', '80', '86', '86', '84', '87', '81', '80', '86', '86', '86', '86', '80', '80', '86', '87', '83', '83', '80', '80', '87', '87', '87', '87', '0000-00-00'),
(276, '0052751931', '037', 'TI', '', 'NURUL MUTIA SARI', 'MTs MIM LANGSA', 'LAKI-LAKI', 'JLN. SYIAH KUALA GP. TUALANG TEUNGOH', '2020-06-09', '0000-00-00', '', 48, '81,83', '78', '82,50', '84,17', '84', '84', '82', '81', '80', '80', '83', '85', '84', '84', '79', '80', '77', '77', '75', '74', '80', '85', '81', '81', '84', '86', '87', '86', '0000-00-00'),
(277, '0062131583', '002', 'TI', '3', 'RIZQA ANANDA DALVI', 'MTsN 1 LANGSA', 'PEREMPUAN', 'GAMPONG BAROH LANGSA LAMA', '2020-06-09', '2020-06-15', 'YES', 48, '89,50', '84,33', '85,17', '89,83', '90', '92', '86', '89', '90', '90', '85', '88', '86', '88', '82', '82', '80', '80', '87', '87', '86', '86', '88', '90', '88', '88', '92', '93', '0000-00-00'),
(278, '0057762382', '062', 'TI', '4', 'M. DJULIO DWI PERDANA', 'SMP N 6 LANGSA', 'LAKI-LAKI', 'PERUMNAS PAYA BUJOK SEULEMAK', '2020-06-09', '2020-06-15', 'YES', 49, '89', '89,17', '83,83', '92,50', '85', '85', '91', '93', '90', '90', '83', '82', '84', '84', '5', '85', '85', '86', '91', '91', '91', '91', '92', '92', '92', '90', '94', '95', '0000-00-00'),
(279, '3053435602', '010', 'TI', '4', 'HAFIZH MAULANA', 'MTs N 1 LANGSA', 'LAKI-LAKI', 'JL. P. POLEM DUSUN AMALIAH GP. JAWA', '2020-06-09', '2020-06-15', 'YES', 47, '91', '85,33', '84', '82,67', '92', '94', '95', '95', '85', '85', '80', '80', '88', '89', '83', '84', '80', '80', '90', '90', '86', '86', '80', '80', '83', '83', '85', '85', '0000-00-00'),
(281, '0061601432', 'P-069', 'TEL', '', 'BUKHARI RAHMAD', 'MTS MIM LANGSA', 'LAKI-LAKI', 'GAMPONG SIDODADI JLN ANTARA DUSUN AMAL LANGSA', '2020-06-09', '0000-00-00', '', 18, '82,5', '83,67', '83', '85,17', '85', '85', '80', '80', '82', '83', '83', '83', '85', '86', '80', '81', '86', '80', '87', '85', '82', '82', '84', '84', '86', '86', '85', '86', '2020-06-13'),
(282, '0060235258', '006', 'TI', '3', 'ZAHARA ADELLIA', 'MTs GEUDUBANG ACEH', 'PEREMPUAN', 'DUSUN BAHAGIA GEUDUANG JAWA', '2020-06-09', '2020-06-15', 'YES', 48, '81,67', '83,33', '84,67', '85,67', '85', '85', '79', '79', '81', '81', '85', '85', '87', '87', '82', '82', '79', '79', '86', '86', '85', '85', '85', '85', '85', '85', '87', '87', '0000-00-00'),
(283, '0046377185', 'P-089', 'TEL', '', 'RENDI HANDIKA', 'SMP N 8 LANGSA', 'LAKI-LAKI', 'DSN. KENANGA SEULALAH BARU LANGSA', '2020-06-09', '0000-00-00', '', 47, '69,83', '66,33', '73,67', '73,83', '55', '60', '73', '75', '77', '79', '72', '72', '73', '73', '75', '77', '60', '60', '60', '60', '78', '80', '71', '70', '70', '70', '81', '81', '2020-06-22'),
(284, '0065038267', '008', 'TI', '4', 'ZURIANDA WULANDARI', 'SMPN 3 LANGSA', 'PEREMPUAN', 'JALAN PERUMNAS, DUSUN BUKIT', '2020-06-09', '2020-06-17', 'YES', 48, '85,50', '84,17', '86,50', '86,17', '84', '85', '85', '83', '88', '88', '84', '85', '85', '87', '90', '88', '82', '82', '84', '84', '87', '86', '83', '84', '82', '84', '94', '90', '0000-00-00'),
(285, '0051545291', '038', 'TI', '4', 'SHALAISYA IMANI FATIHAH', 'SMP NEGERI 3 LANGSA', 'PEREMPUAN', 'JLN. AYANI PB. SEULEMAK LANGSA', '2020-06-09', '2020-06-16', 'YES', 49, '89,33', '87,33', '88,17', '86,17', '88', '89', '89', '90', '90', '90', '85', '85', '88', '89', '90', '92', '85', '85', '85', '85', '94', '90', '84', '84', '84', '86', '90', '89', '0000-00-00'),
(287, '0041021743', '200', 'TO', '', 'ABDU SETIAWAN HARAHAP', 'SMP NEGERI 10 LANGSA', 'LAKI-LAKI', 'DESA ALUE MERBAU, KEC LANGSA TIMUR, KOTA LANGSA', '2020-06-10', '0000-00-00', '', 42, '80', '78,67', '75,17', '77', '82', '82', '82', '82', '82', '82', '83', '83', '79', '79', '83', '83', '85', '84', '86', '80', '85', '84', '90', '90', '88', '87', '90', '90', '0000-00-00'),
(288, '00520485555', '157', 'TO', '', 'HENDRI WIJAYA', 'SMP N 9 Langsa', 'LAKI-LAKI', 'Dsn II Aloe Saboh GG, Brokoli. Geudubang Aceh, Langsa Baro. Kota Langsa', '2020-06-10', '0000-00-00', '', 50, '87,33', '81,33', '82,67', '80,17', '86', '86', '90', '90', '87', '85', '79', '92', '78', '78', '88', '81', '82', '82', '86', '86', '76', '76', '78', '78', '80', '80', '82', '83', '0000-00-00'),
(289, '0052231410', '604', 'TO', '', 'SAFRIZAL MAULANA', 'SMP N 2 Peunaron', 'LAKI-LAKI', 'Dusun Simpang Tiga, Peunaron Baru, Peunaron, Aceh Timur', '2020-06-10', '0000-00-00', '', 50, '71,67', '71,17', '71,17', '70,50', '70', '70', '70', '70', '75', '75', '72', '72', '72', '74', '70', '70', '75', '78', '68', '66', '70', '70', '73', '72', '69', '69', '70', '70', '0000-00-00'),
(290, '0059774662', '568', 'TO', '', 'RIDO PRAYOGA', 'SMP N 9 Langsa', 'LAKI-LAKI', 'Dusun Kenanga, Seulalah Baru, Langsa Lama, Kota Langsa', '2020-06-10', '0000-00-00', '', 49, '73,00', '65,17', '57,17', '77,67', '72', '72', '73', '73', '75', '73', '55', '50', '77', '75', '45', '41', '73', '75', '72', '72', '54', '45', '78', '78', '76', '76', '80', '78', '0000-00-00'),
(291, '0051714169', '003', 'TI', '', 'NILA MURNIATI NST', 'MTs S TIMBANG LANGSA', 'PEREMPUAN', 'ALUE NYAMUK', '2020-06-10', '0000-00-00', '', 47, '85,67', '81,33', '84,17', '86,33', '85', '85', '86', '86', '86', '86', '89', '88', '84', '80', '84', '80', '82', '80', '80', '83', '80', '83', '91', '83', '86', '86', '86', '86', '0000-00-00'),
(292, '0039070565', 'P-115', 'TL', '', 'JUBIR', 'MTs Terpadu Langsa', 'LAKI-LAKI', 'Dusun Balee, Gampong Simpang Lhee, Langsa Barat, Kota Langsa', '2020-06-10', '0000-00-00', '', 18, '77,67', '77,83', '74,50', '74', '79', '79', '76', '76', '78', '78', '75', '75', '76', '77', '72', '72', '77', '79', '78', '79', '77', '77', '75', '75', '73', '75', '73', '73', '2020-06-12'),
(293, '3056426146', '133', 'TO', '', 'AHMAD MAULANA', 'MTs Terpadu Langsa', 'LAKI-LAKI', 'LR. PETUA ARANI NO1. GAMPONG SIMPANG LHEE, KECAMATAN LANGSA BARAT, KOTA LANGSA', '2020-06-10', '0000-00-00', '', 50, '80', '78,6', '75', '77', '80', '80', '80', '80', '80', '80', '76', '75', '75', '75', '74', '76', '78', '78', '79', '78', '79', '80', '79', '79', '79', '75', '75', '75', '0000-00-00'),
(294, '0053235773', 'P-080', 'TKP', '', 'INNAYAH MAULID NISA', 'SMP NEGERI 3 TENGGULUN', 'PEREMPUAN', 'DUSUN TULANG NIAT DESA SELAMAT KEC. TENGGULUN ACEH TAMIANG', '2020-06-10', '0000-00-00', '', 18, '80,83', '82,83', '76,67', '82,50', '84', '82', '78', '80', '81', '80', '82', '90', '77', '74', '79', '77', '83', '83', '85', '88', '88', '70', '83', '83', '82', '82', '83', '82', '2020-06-13'),
(295, '0057837379', '190', 'TO', '', 'MUHAMMAD MIRZA', 'SMP NEGERI 6 LANGSA', 'LAKI-LAKI', 'PERUMNAS PB SEULEMAK', '2020-06-10', '0000-00-00', '', 43, '86', '84', '80', '85', '85', '85', '80', '92', '87', '88', '75', '75', '75', '75', '90', '90', '85', '82', '83', '83', '88', '88', '82', '84', '89', '89', '84', '84', '0000-00-00'),
(296, '0058021734', '575', 'TO', '', 'IKHSAN MORIJA', 'SMP N 3 LANGSA', 'LAKI-LAKI', 'JLN. PENDIDIKAN GG PGRI, PAYA BUJOK SEULEUMAK, LANGSA BARO, KOTA LANGSA', '2020-06-10', '0000-00-00', '', 50, '83,33', '83,67', '83,33', '84,17', '82', '82', '83', '83', '85', '85', '82', '82', '82', '82', '86', '86', '82', '82', '83', '82', '87', '86', '82', '82', '82', '85', '87', '87', '0000-00-00'),
(297, '0056322959', '362', 'TL', '', 'FAJAR AGUSTIAN', 'SMP NEGERI 7 BIREM BAYEUN', 'LAKI-LAKI', 'JAMBO LABU', '2020-06-10', '0000-00-00', '', 47, '78.8', '82.1', '79.3', '79.8', '76', '76', '77', '78', '82', '84', '70', '79', '76', '85', '81', '85', '83', '83', '83', '82', '81', '81', '79', '80', '79', '80', '80', '81', '0000-00-00'),
(298, '004950262', '276', 'TM', '', 'FITRA HERDIANSYAH', 'MTS TIMBANG LANGSA', 'LAKI-LAKI', 'DESA BLANG TUALANG ', '2020-06-10', '0000-00-00', '', 41, '83.33', '78.66', '77.66', '76.66', '80', '80', '85', '85', '85', '85', '81', '79', '76', '77', '76', '77', '80', '80', '76', '80', '76', '80', '79', '75', '77', '76', '77', '76', '0000-00-00'),
(299, '0052196323', '662', 'TL', '', 'AFRIZAL', 'SMP NEGERI 8 LANGSA', 'LAKI-LAKI', 'DESA JAMBO LABU', '2020-06-10', '0000-00-00', '', 47, '70.5', '70.3', '73', '78', '50', '60', '80', '80', '80', '80', '72', '71', '70', '70', '70', '70', '60', '60', '71', '73', '71', '73', '73', '71', '78', '79', '78', '79', '0000-00-00'),
(300, '0052439486', '305', 'TL', '', 'ALIF RAIHAN FADILA', 'SMP NEGERI 1 LANGSA', 'LAKI-LAKI', 'JALAN SAKURA NO.44 BTN SUNGAI PAUH', '2020-06-10', '0000-00-00', '', 47, '88', '81', '83', '84', '87', '87', '90', '90', '91', '92', '85', '86', '85', '86', '90', '92', '90', '87', '90', '88', '89', '89', '87', '88', '85', '87', '90', '90', '0000-00-00'),
(301, '0059562989', '608', 'TO', '', 'BAMBANG TRI KUNCHORO', 'MTsS GEUDUBANG ACEH', 'LAKI-LAKI', 'DUSUN RAHAYU, PONDOK KEUMUNING, LANGSA LAMA, KOTA LANGSA', '2020-06-10', '0000-00-00', '', 50, '75,33', '75,33', '77,67', '76,33', '76', '76', '76', '76', '74', '74', '75', '75', '80', '80', '78', '78', '78', '78', '76', '76', '72', '72', '75', '75', '80', '80', '74', '74', '0000-00-00'),
(302, '0051540115', '019', 'TI', '3', 'ADRYAN MAULANA', 'SMP N 1 LANGSA', 'LAKI-LAKI', 'DESA PONDOK PABRIK KEBUN LAMA', '2020-06-10', '2020-06-15', 'YES', 50, '91,83', '90', '89', '91,50', '92', '92', '93', '93', '91', '90', '89', '89', '88', '89', '89', '90', '88', '90', '90', '90', '91', '91', '89', '89', '90', '91', '95', '95', '0000-00-00'),
(303, '3051763912', '046', 'TI', '4', 'T. MUHAMMAD HILMIY MUFADHDHALSYAH', 'SMP NEGERI 3 LANGSA', 'LAKI-LAKI', 'JL. NURDIN ARANIRI, DUSUN DAMAI, PB. TUNONG LANGSA', '2020-06-10', '2020-06-17', 'YES', 48, '85,50', '85,17', '86,17', '85,83', '87', '87', '83', '82', '87', '87', '89', '89', '83', '82', '87', '87', '83', '80', '87', '87', '87', '87', '85', '85', '83', '84', '89', '89', '0000-00-00'),
(304, '0055109682', '325', 'TL', '', 'MAS AGIL', 'MTS MIM LANGSA', 'LAKI-LAKI', 'ALUE DUA DUSUN TELADAN', '2020-06-10', '0000-00-00', '', 47, '84', '82', '83', '84', '85', '85', '88', '87', '79', '80', '83', '84', '86', '86', '80', '81', '79', '79', '87', '88', '79', '80', '82', '82', '85', '85', '87', '87', '0000-00-00'),
(305, '0056267699', '017', 'TI', '4', 'KIKI AULIA PUTRI', 'SMP N 3 LANGSA', 'PEREMPUAN', 'GP. ALUE DUA', '2020-06-10', '2020-06-16', 'YES', 49, '87,50', '87,83', '87,50', '86', '82', '89', '87', '88', '89', '90', '86', '85', '85', '86', '91', '92', '85', '85', '85', '85', '94', '93', '85', '85', '83', '85', '90', '88', '0000-00-00'),
(306, '0059385120', '410', 'TEL', '', 'MUHAMMAD FADIL KHAIRI', 'SMP NEGERI 1 LANGSA', 'LAKI-LAKI', 'DUSUN KEJORA, GP. MEURANDEH TEUNGOH', '2020-06-10', '0000-00-00', '', 49, '80,6', '79,6', '79,33', '84,1', '73', '72', '80', '80', '88', '91', '72', '72', '80', '80', '86', '86', '75', '75', '78', '78', '86', '86', '84', '84', '87', '87', '81', '82', '0000-00-00'),
(307, '0043447229', '125', 'TO', '', 'SAYED HAIKAL', 'SMP N 2 LANGSA', 'LAKI-LAKI', 'JLN. PETUA ZAINUN GANG ISHLAH DUSUN DAMAI, PAYA BUJOK TUNONG, LANGSA BARO. KOTA LANGSA', '2020-06-10', '0000-00-00', '', 50, '84,50', '87,33', '85,50', '84', '83', '83', '83', '83', '86', '89', '84', '84', '84', '84', '88', '89', '88', '88', '88', '88', '86', '86', '83', '83', '83', '83', '87', '85', '0000-00-00'),
(308, '0055808700', '021', 'TI', '3', 'RAZATANLIE KAMAL', 'SMP N 3 LANGSA', 'LAKI-LAKI', 'LR. SEHATI GG. SEURIGET', '2020-06-10', '2020-06-15', 'YES', 48, '85,67', '85,33', '87,17', '87,50', '84', '83', '87', '86', '87', '87', '85', '86', '86', '87', '88', '91', '86', '84', '86', '85', '87', '86', '87', '88', '85', '85', '90', '90', '0000-00-00'),
(310, '0054081208', '144', 'TO', '', 'M. DZAKI RAMADHAN', 'SMP N 3 LANGSA', 'LAKI-LAKI', 'DUSUN UTAMA, SEURIGET, LANGSA BARAT, KOTA LANGSA', '2020-06-10', '0000-00-00', '', 48, '86', '86,83', '86,50', '86,67', '84', '84', '87', '86', '88', '87', '86', '86', '82', '82', '92', '91', '85', '85', '87', '87', '89', '88', '83', '83', '84', '85', '94', '91', '0000-00-00'),
(311, '0055952181', '714', 'TM', '', 'ARDHI RAJABIL FAHMI', 'SMP NEGERI 9 LANGSA', 'LAKI-LAKI', 'PONDOK KEMUNING LANGSA', '2020-06-10', '0000-00-00', '', 41, '77.5', '75.83', '84.66', '76.16', '75', '75', '75', '75', '77', '76', '85', '85', '87', '87', '82', '82', '72', '72', '75', '75', '80', '81', '72', '72', '75', '76', '81', '81', '0000-00-00'),
(312, '3056166865', '427', 'TEL', '', 'T. SAID GHOSAN FATHAN AL BADY', 'SMP NEGERI 3 LANGSA', 'LAKI-LAKI', 'JL. PENDIDIKAN, GG. PGRI NO.17, PAYA BUJOK SEULEMAK LANGSA', '2020-06-10', '0000-00-00', '', 48, '83,1', '84,3', '76', '65,6', '83', '82', '79', '78', '89', '88', '82', '82', '60', '60', '86', '86', '82', '82', '83', '83', '88', '88', '83', '83', '50', '0', '89', '89', '0000-00-00'),
(313, '0056897580', '458', 'TKP', '', 'SANIA MAULIZA YUARA', 'SMP NEGERI 1 LANGSA', 'PEREMPUAN', 'DUSUN SETIA, SIDOREJO, KEC. LANGSA LAMA, KOTA LANGSA', '2020-06-10', '0000-00-00', '', 43, '85,6', '80', '92,3', '90,6', '80', '81', '87', '87', '90', '89', '90', '90', '92', '92', '95', '95', '75', '76', '75', '76', '89', '89', '90', '90', '91', '91', '90', '92', '0000-00-00'),
(314, '0054817748', '596', 'TO', '', 'DANDI SATRIAWAN', 'SMP N 2 LANGSA', 'LAKI-LAKI', 'DUSUN RAHAYU, PONDOK KEMUNING, LANGSA LAMA, KOTA LANGSA', '2020-06-10', '0000-00-00', '', 42, '84,83', '84', '87,83', '87', '84', '84', '86', '85', '85', '85', '90', '90', '88', '88', '86', '85', '83', '83', '83', '83', '86', '86', '87', '87', '88', '88', '86', '86', '2020-06-12'),
(315, '0056931071', '355', 'TL', '', 'MUHAMMAD AULIA RAMADHAN', 'SMP SWASTA HARAPAN UMMAT', 'LAKI-LAKI', 'BAROH LANGSA LAMA', '2020-06-10', '0000-00-00', '', 47, '81', '82.1', '79.1', '79.5', '77', '77', '82', '82', '84', '84', '80', '80', '80', '80', '77', '78', '80', '80', '82', '82', '85', '84', '75', '75', '80', '80', '84', '83', '0000-00-00'),
(316, '0055925277', 'P-020', 'TM', '', 'MUQSALMINA', 'MTS TERPADU LANGSA', 'LAKI-LAKI', 'DUSUN UTAMA SEURIGET', '2020-06-10', '0000-00-00', '', 18, '82,67', '79,67', '76,33', '78,33', '83', '80', '83', '80', '85', '85', '77', '76', '78', '77', '75', '75', '81', '81', '80', '80', '78', '78', '76', '78', '80', '80', '78', '78', '2020-06-12'),
(317, '0051012115', '719', 'TEL', '', 'MUHAMMAD SUWANDA', 'SMP NEGERI 4 LANGSA', 'LAKI-LAKI', 'JL. ISKANDAR MUDA, DUSUN MELATI', '2020-06-10', '0000-00-00', '', 43, '91,3', '86,6', '85', '88,3', '90', '90', '89', '89', '95', '95', '82', '82', '82', '84', '90', '90', '83', '83', '86', '86', '92', '90', '91', '90', '83', '83', '92', '91', '0000-00-00'),
(318, '0046081646', '3021', 'TO', '', 'M. TAUSI SYAHFITRA', 'MTSN 1 LANGSA', 'LAKI-LAKI', 'JL. BARONA DS KELAPA BLANG SEUNIBONG', '2020-06-10', '0000-00-00', '', 43, '81', '80', '80', '80', '78', '78', '83', '83', '84', '84', '76', '76', '82', '82', '82', '82', '76', '76', '82', '83', '82', '82', '78', '76', '82', '82', '82', '82', '0000-00-00'),
(319, '051109104', 'P-570', 'TEL', '', 'DHANI ANDRA JAYEN', 'SMP N 6 BIREM BAYEUN', 'LAKI-LAKI', 'DSN SENTOSA, BUKET TIGA, BIREM BAYEUN, ACEH TIMUR', '2020-06-10', '0000-00-00', '', 18, '79,50', '82,00', '82,83', '80,50', '75', '83', '78', '86', '78', '77', '85', '88', '82', '87', '75', '80', '78', '83', '83', '85', '79', '84', '81', '81', '83', '81', '76', '75', '2020-06-13'),
(320, '0047800293', '565', 'TM', '', 'REZKY MAULANA', 'SMP NEGERI 13 LANGSA', 'LAKI-LAKI', 'JL. AL KAHAR DS. I  GP DAULAT ', '2020-06-10', '0000-00-00', '', 41, '81', '79', '82', '80.5', '80', '79', '80', '81', '83', '83', '85', '85', '78', '78', '83', '83', '78', '78', '79', '79', '80', '80', '80', '80', '79', '78', '83', '83', '0000-00-00'),
(321, '0052396515', '470', 'TKP', '', 'RIANDA SYAHPUTRA', 'SMP NEGERI 1 PEUREULAK', 'LAKI-LAKI', 'DESA LHOK DALAM, PEUREULAK', '2020-06-10', '0000-00-00', '', 43, '91,3', '85', '92', '89,6', '90', '89', '92', '95', '90', '92', '95', '95', '88', '88', '93', '93', '85', '85', '85', '85', '85', '85', '88', '92', '92', '94', '86', '86', '0000-00-00'),
(322, '0057311577', '3018', 'TI', '3', 'MUHAMMAD ARIEF AULIA TRIFA', 'SMP N 2 LANGSA', 'LAKI-LAKI', 'JLN. LILAWANGSA GEUDUBANG JAWA KOTA LANGSA', '2020-06-10', '2020-06-15', 'YES', 50, '85,83', '89,83', '87,17', '87,67', '84', '84', '83', '84', '89', '91', '85', '85', '90', '90', '86', '87', '90', '90', '92', '92', '88', '87', '85', '85', '89', '89', '89', '89', '0000-00-00'),
(323, '0058062897', '682', 'TO', '', 'RIFQI AFIF SUBIANTARA', 'SMP N 3 LANGSA', 'LAKI-LAKI', 'ASRAMA HANURA. PAYA BUJOK SEULEUMAK, LANGSA BARO, KOTA LANGSA', '2020-06-10', '0000-00-00', '', 49, '83,83', '86,83', '84,00', '86,17', '82', '82', '82', '82', '88', '87', '82', '82', '84', '84', '86', '86', '90', '85', '85', '85', '88', '88', '82', '85', '84', '84', '91', '91', '0000-00-00'),
(324, '0052219875', '435', 'TEL', '', 'RIKI ADI', 'SMP NEGERI 1 SUNGAI RAYA', 'LAKI-LAKI', 'BUKIT DRIEN, DUSUN SUKA DAMAI, SUNGAI RAYA', '2020-06-10', '0000-00-00', '', 43, '87,5', '78,6', '80', '82,3', '85', '85', '92', '93', '85', '85', '82', '82', '80', '80', '78', '78', '73', '75', '82', '82', '80', '80', '83', '83', '82', '82', '82', '82', '0000-00-00'),
(325, '0051823114', '160', 'TO', '', 'YANA PUTRA HAMDALAH', 'SMP NEGERI 9 LANGSA', 'LAKI-LAKI', 'DESA PONDOK PABRIK LANGSA LAMA', '2020-06-10', '0000-00-00', '', 41, '91', '85', '94', '80', '90', '90', '93', '93', '91', '92', '85', '98', '96', '96', '95', '98', '85', '85', '85', '85', '85', '85', '78', '78', '80', '80', '83', '83', '0000-00-00'),
(326, '0058096030', '455', 'TKP', '', 'OKTA FIANDA RAMADHANA', 'MTS SWASTA GEDUBAN ACEH', 'LAKI-LAKI', 'PONDOK KELAPA GADING', '2020-06-10', '0000-00-00', '', 43, '79,3', '79', '84', '84,3', '80', '80', '77', '77', '81', '81', '85', '85', '87', '87', '80', '80', '79', '79', '85', '85', '73', '73', '84', '84', '83', '83', '86', '86', '0000-00-00'),
(327, '0052541243', '617', 'TO', '', 'BAYU SATRIO', 'SMP NEGERI 7 LANGSA', 'LAKI-LAKI', 'JAMBO LABU ACEH TAMIANG', '2020-06-10', '0000-00-00', '', 41, '79', '85', '76', '80', '76', '76', '77', '78', '85', '87', '70', '79', '77', '80', '75', '78', '87', '87', '87', '88', '81', '81', '79', '80', '80', '80', '80', '81', '0000-00-00'),
(328, '0049563303', '425', 'TEL', '', 'MUHAMMAD DANDI FARISKI', 'SMP NEGERI 9 LANGSA', 'LAKI-LAKI', 'SEULALAH BARO', '2020-06-10', '0000-00-00', '', 43, '82,83', '81,16', '93,66', '79', '88', '87', '78', '78', '84', '82', '91', '91', '95', '95', '95', '95', '77', '78', '81', '81', '86', '84', '75', '75', '78', '78', '84', '84', '0000-00-00'),
(329, '0053627924', '063', 'TI', '4', 'M. FARHAN TOMI', 'SMP MUHAMMADIYAH LANGSA', 'LAKI-LAKI', 'LR. D GP. PAYA BUJOK TUNONG', '2020-06-10', '2020-06-16', 'YES', 47, '84,50', '85', '84,33', '84', '82', '81', '86', '86', '85', '87', '80', '80', '87', '87', '86', '86', '80', '81', '86', '87', '88', '88', '80', '80', '87', '87', '85', '85', '0000-00-00'),
(330, '0057321455', 'P-155', 'TM', '', 'IKHSAN AULIA', 'SMP NEGERI 4 LANGSA', 'LAKI-LAKI', 'JL. SYIAH KUALA, KP TUALANG TENGOH', '2020-06-10', '0000-00-00', '', 18, '72', '72', '75', '75', '50', '50', '83', '83', '83', '83', '70', '70', '72', '72', '85', '85', '50', '50', '83', '83', '83', '83', '70', '70', '72', '72', '83', '84', '2020-06-12'),
(331, '005871511', '162', 'TO', '', 'MUHAMMAD HADI', 'SMP N 3 Langsa', 'LAKI-LAKI', 'JLN. PROF MAJID IBRAHIM, SEURIGET, LANGSA BARAT, KOTA LANGSA', '2020-06-10', '0000-00-00', '', 49, '84,00', '87,33', '85,17', '84,33', '83', '83', '83', '83', '87', '87', '82', '82', '82', '82', '89', '89', '87', '87', '87', '87', '86', '86', '83', '83', '83', '83', '89', '87', '0000-00-00'),
(332, '0056183872', '097', 'TI', '', 'PRETI', 'MTS GEUDUBANG ACEH', 'PEREMPUAN', 'DUSUN SUKAJADI MAKMUR TROM LANGSA', '2020-06-10', '0000-00-00', '', 47, '79,67', '80,33', '84', '83,33', '78', '78', '80', '80', '81', '81', '85', '85', '87', '87', '80', '80', '79', '79', '78', '78', '84', '84', '82', '82', '85', '85', '83', '83', '0000-00-00'),
(333, '0052463402', '359', 'TL', '', 'MUHAMMAD ABDUL MUID', 'MTS NEGERI 1 LANGSA', 'LAKI-LAKI', 'GAMPONG MEURANDEH DAYAH', '2020-06-10', '0000-00-00', '', 47, '82.33', '82.17', '81.33', '85.67', '80', '80', '83', '83', '84', '84', '78', '78', '82', '82', '82', '83', '80', '80', '83', '83', '83', '83', '85', '85', '90', '90', '82', '82', '0000-00-00'),
(334, '0058539838', 'P-135', 'TM', '', 'MUARIF FADILLA', 'MTS TERPADU LANGSA', 'LAKI-LAKI', 'GP SIMPANG LHEE', '2020-06-10', '0000-00-00', '', 18, '79', '79', '76', '76', '80', '80', '77', '77', '80', '80', '78', '78', '78', '78', '72', '72', '79', '78', '80', '79', '79', '79', '75', '75', '78', '75', '80', '78', '2020-06-12'),
(335, '0057589723', '222', 'TM', '', 'RENDY SISWANTO', 'SMP NEGERI 5 LANGSA', 'LAKI-LAKI', 'DSN SAWIT ALUE MERBAU', '2020-06-10', '0000-00-00', '', 41, '75.5', '82.5', '81.16', '76.33', '74', '72', '72', '72', '83', '80', '78', '78', '85', '85', '81', '80', '79', '78', '81', '84', '86', '87', '73', '73', '78', '77', '79', '78', '0000-00-00'),
(336, '0057687428', '456', 'TKP', '', 'M. FATURRAHMAN', 'SMP NEGERI 1 LANGSA', 'LAKI-LAKI', 'JLN. REL KERETA API, GANG TARI, PB. BEUROMO, LANGSA', '2020-06-10', '0000-00-00', '', 43, '85,83', '84', '84', '82,3', '85', '85', '87', '87', '86', '85', '79', '79', '86', '86', '87', '87', '84', '84', '82', '82', '86', '86', '80', '80', '82', '82', '88', '88', '0000-00-00'),
(337, '0055940355', '024', 'TI', '3', 'ANGGA PRATAMA SETIA', 'SMP N 2 LANGSA', 'LAKI-LAKI', 'DUSUN IV SEJAHTERA KP. LENGKONG', '2020-06-10', '2020-06-15', 'YES', 47, '86,33', '85', '86,33', '84', '85', '85', '86', '86', '88', '88', '84', '84', '88', '88', '89', '85', '85', '84', '84', '83', '87', '87', '83', '83', '83', '83', '86', '86', '0000-00-00'),
(338, '0058789514', '668', 'TO', '', 'MUHAMMAD RIZAL SYAHRUL RAMADHAN', 'SMP N 2 LANGSA', 'LAKI-LAKI', 'JLN. P. POLEM NO. 48 GP. JAWA BELAKANG II. GAMPONG JAWA. LANGSA KOTA. KOTA LANGSA', '2020-06-10', '0000-00-00', '', 48, '89,00', '89,17', '89,17', '89,67', '89', '88', '89', '88', '90', '90', '87', '87', '88', '89', '92', '92', '92', '92', '94', '93', '87', '88', '90', '91', '93', '93', '88', '89', '0000-00-00'),
(339, '0056981004', 'P-114', 'TM', '', 'M. AQILA FAUZAN', 'SMP NEGERI 9 LANGSA', 'LAKI-LAKI', 'DUSUN BAHAGIA, GEDUBANG JAWA', '2020-06-10', '0000-00-00', '', 18, '74', '75', '74', '75', '75', '75', '72', '72', '76', '77', '72', '72', '72', '72', '79', '80', '72', '72', '72', '72', '81', '81', '72', '72', '75', '76', '80', '80', '2020-06-12'),
(340, '0053115701', '724', 'TEL', '', 'A. MAULANA FIKRI', 'MTS GEUDUBANG ACEH', 'LAKI-LAKI', 'DESA PEUTOW', '2020-06-10', '0000-00-00', '', 43, '79,3', '77,6', '80,3', '78', '78', '78', '80', '80', '80', '80', '80', '80', '82', '82', '79', '79', '79', '79', '78', '78', '76', '76', '78', '78', '80', '80', '76', '76', '0000-00-00'),
(341, '0048987425', 'P-180', 'TEL', '', 'NUR AKBAR AL ALIQ', 'SMP N 10 LANGSA', 'LAKI-LAKI', 'DUSUN KARYA, SEUNEBOK BARO, MANYAK PAYED ACEH TAMIANG', '2020-06-10', '0000-00-00', '', 47, '81,17', '80,83', '79,67', '81,67', '78', '79', '80', '81', '85', '85', '78', '78', '78', '78', '83', '83', '78', '78', '79', '78', '87', '85', '78', '78', '78', '78', '83', '83', '2020-06-22'),
(342, '0046447046', '334', 'TL', '', 'DESWA ALWALY PRASTIO', 'SMP NEGERI 6 LANGSA', 'LAKI-LAKI', 'PERUMNAS PAYA BUJUK SEULEMAK', '2020-06-10', '0000-00-00', '', 47, '86', '83.1', '82.1', '85.5', '85', '84', '88', '88', '87', '84', '80', '80', '80', '80', '88', '85', '77', '78', '85', '85', '87', '87', '82', '82', '86', '85', '89', '89', '0000-00-00'),
(343, '0061502461', '109', 'TO', '', 'RANGGA ARDIANSYAH', 'SMP NEGERI 2 BENDAHARA', 'LAKI-LAKI', 'SUKA JADI, KEC BANDA MULIA, KAB ACEH TAMIANG', '2020-06-10', '0000-00-00', '', 42, '78', '75', '77', '82', '80', '74', '77', '75', '82', '80', '73', '74', '85', '85', '73', '73', '78', '78', '74', '74', '76', '75', '86', '84', '90', '84', '76', '76', '0000-00-00'),
(344, '0051947307', '197', 'TO', '', 'FATUR AULIA PRATAMA', 'SMP N 3 LANGSA', 'LAKI-LAKI', 'DUSUN PERUMNAS, PAYA BUJOK SEULEUMAK, LANGSA BARO, KOTA LANGSA', '2020-06-10', '0000-00-00', '', 49, '84,50', '86,00', '85,17', '83,00', '84', '83', '83', '82', '88', '87', '83', '83', '85', '86', '87', '87', '83', '83', '87', '87', '88', '88', '82', '82', '80', '82', '90', '90', '0000-00-00'),
(345, '0058937290', 'P-064', 'TEL', '', 'INDRIA YULIANI', 'SMP N 11 LANGSA', 'PEREMPUAN', 'BIREM RAYEUK', '2020-06-10', '0000-00-00', '', 18, '85', '76,17', '80,83', '82,17', '80', '80', '90', '88', '86', '86', '82', '83', '81', '81', '86', '80', '70', '69', '90', '88', '70', '70', '85', '85', '82', '80', '82', '80', '2020-06-12'),
(346, '0056330921', '123', 'TO', '', 'RAHMAT JUANDA', 'SMP N 2 LANGSA', 'LAKI-LAKI', 'DUSUN PERDAMAIN, PONDOK KEUMUNING LANGSA TIMUR, KOTA LANGSA.', '2020-06-10', '0000-00-00', '', 48, '84,33', '90,83', '86,50', '83,67', '83', '83', '83', '83', '88', '86', '85', '85', '85', '85', '89', '90', '90', '90', '90', '90', '93', '92', '83', '83', '83', '83', '93', '95', '0000-00-00'),
(347, '0053423171', '640', 'TO', '', 'ABDULLAH', 'SMP NEGERI 4 LANGSA', 'LAKI-LAKI', 'DUSUN NELAYAN, SUNGAI PAUH, KOTA LANGSA', '2020-06-10', '0000-00-00', '', 41, '85', '87', '84', '83', '75', '75', '90', '90', '90', '94', '80', '80', '80', '80', '92', '93', '88', '88', '91', '91', '84', '83', '80', '80', '84', '84', '85', '88', '0000-00-00'),
(348, '0094310953', '624', 'TO', '', 'AZIIZ HAMIID', 'SMP N 6 BIREM BAYEUN', 'LAKI-LAKI', 'DUSUN SENTOSA, BUKET TIGA, BIREM BAYEUN, ACEH TIMUR', '2020-06-10', '0000-00-00', '', 48, '78,50', '81,33', '85,00', '82,17', '78', '84', '75', '83', '75', '76', '83', '87', '80', '86', '86', '88', '78', '84', '81', '84', '78', '83', '81', '81', '83', '81', '77', '77', '0000-00-00'),
(349, '0059600081', 'P-514', 'TKP', '', 'KHALID', 'SMP N 1 LANGSA', 'LAKI-LAKI', 'JL. SYIAH KUALA NO 113 LK SEHATI PB BLANG PASEE', '2020-06-10', '0000-00-00', '', 18, '84,33', '78', '77,33', '84,67', '78', '78', '87', '88', '86', '89', '72', '72', '75', '75', '85', '85', '72', '73', '73', '74', '88', '87', '85', '85', '83', '84', '85', '86', '2020-06-13'),
(350, '0053194046', 'P-627', 'TM', '', 'REZA ULFAHMI', 'SMP N 1 RANTAU SELAMAT', 'LAKI-LAKI', 'DUSUN KONGSENG, BAYEUN, RANTAU SELAMAT, ACEH TIMUR', '2020-06-10', '0000-00-00', '', 18, '81,50', '79,33', '72,67', '76,67', '80', '80', '82', '80', '83', '84', '73', '73', '70', '70', '75', '75', '76', '77', '76', '77', '85', '85', '72', '73', '76', '77', '78', '79', '2020-06-12'),
(351, '0046911071', '281', 'TM', '', 'MUHAMMAD KAUSAR', 'MTS TERPADU LANGSA', 'LAKI-LAKI', 'SEURIGET LANGSA', '2020-06-10', '0000-00-00', '', 41, '79.16', '78', '76.33', '77.5', '78', '78', '80', '79', '80', '80', '76', '75', '75', '75', '79', '78', '77', '76', '78', '76', '80', '81', '76', '76', '76', '77', '80', '80', '0000-00-00'),
(352, '0053979451', '651', 'TO', '', 'M. ALTAF ALKHALIK', 'SMP NEGERI 3 LANGSA', 'LAKI-LAKI', 'DUSUN RAHMAN GAMPONG BLANG ', '2020-06-10', '0000-00-00', '', 41, '83', '83', '83', '84', '82', '82', '85', '84', '86', '87', '84', '83', '82', '83', '86', '86', '82', '82', '83', '83', '85', '85', '83', '82', '85', '85', '87', '88', '0000-00-00'),
(353, '0055525587', 'P-578', 'TM', '', 'RAY MIZARD', 'SMP N 11 LANGSA', 'LAKI-LAKI', 'DUSUN BUKET KERAMAT, ARAMIYAH, BIREM BAYEUN, ACEH TIMUR', '2020-06-10', '0000-00-00', '', 18, '81,50', '75,00', '74,50', '76,33', '80', '80', '80', '80', '86', '83', '73', '70', '79', '79', '74', '72', '69', '69', '82', '80', '75', '75', '75', '75', '75', '75', '79', '78', '2020-06-12'),
(354, '0057437027', '213', 'TM', '', 'MULIAN SYAHPUTRA', 'SMP NEGERI 11 LANGSA', 'LAKI-LAKI', 'BIREM RAYEUK  DSN TANI JAYA KEC. BIREM BAYEUN KABUPATEN ACEH TIMUR', '2020-06-10', '0000-00-00', '', 18, '80.16', '76.16', '80.33', '83.33', '77', '79', '80', '80', '82', '83', '84', '83', '82', '81', '77', '75', '79', '79', '79', '80', '70', '70', '85', '84', '87', '84', '80', '80', '0000-00-00'),
(355, '0054850294', 'P-579', 'TL', '', 'ANDIKA PEBRIAN', 'SMP NEGERI 11 LANGSA', 'LAKI-LAKI', 'DESA ARAMIAH', '2020-06-10', '0000-00-00', '', 18, '75', '70', '70', '75', '72', '70', '77', '77', '79', '79', '69', '69', '75', '68', '74', '70', '68', '68', '73', '73', '70', '70', '72', '78', '72', '78', '78', '74', '2020-06-12'),
(356, '0050655323', '333', 'TL', '', 'AGUNG PRASTYO', 'SMP NEGERI 3 LANGSA', 'LAKI-LAKI', 'KP. GEUDUBANG JAWA DUSUN DAMAI', '2020-06-10', '0000-00-00', '', 47, '86.6', '87.1', '95.3', '88.1', '85', '85', '87', '86', '89', '88', '86', '86', '86', '85', '92', '92', '85', '85', '87', '87', '89', '90', '85', '84', '88', '88', '92', '91', '0000-00-00'),
(357, '0057158235', '139', 'TO', '', 'AMIRUL MUQMININ', 'MTsS TERPADU', 'LAKI-LAKI', 'DUSUN NELAYAN, BIREM PUNTONG, LANGSA BARO, KOTA LANGSA', '2020-06-10', '0000-00-00', '', 48, '83,67', '81,83', '82,33', '78,33', '83', '84', '83', '84', '84', '84', '84', '84', '85', '85', '78', '78', '84', '83', '84', '83', '79', '78', '77', '75', '78', '80', '82', '82', '0000-00-00'),
(358, '0053612479', '232', 'TM', '', 'ANDRI SETIAWAN', 'SMP NEGERI 4 BIREM BAYEUN', 'LAKI-LAKI', 'DESA ALUE GADENG DUA', '2020-06-10', '0000-00-00', '', 18, '85.5', '81', '79.5', '80.66', '77', '78', '78', '76', '86', '86', '75', '75', '75', '75', '79', '79', '75', '75', '79', '79', '82', '82', '80', '80', '78', '78', '84', '82', '0000-00-00'),
(359, '0047386169', '451', 'TKP', '', 'MUHAMAD SYAWAL', 'SMP NEGERI 3 LANGSA', 'LAKI-LAKI', 'JLN. PROF. A. MAJID IBRAHIM, MTG. SEULIMENG, LANGSA', '2020-06-10', '0000-00-00', '', 43, '84,7', '84,3', '84', '83,6', '82', '82', '85', '85', '85', '86', '84', '83', '82', '83', '86', '85', '83', '83', '84', '84', '86', '86', '82', '82', '83', '80', '87', '88', '0000-00-00'),
(360, '0058459114', '165', 'TO', '', 'MUHAMMAD NABIL', 'SMP N 2 LANGSA', 'LAKI-LAKI', 'JLN, LILAWANGSA, DSN I KEUDE RAMBE, GEUDUBANG ACEH, LANGSA BARO, KOTA LANGSA', '2020-06-10', '0000-00-00', '', 49, '84,83', '86,83', '86,67', '86,67', '84', '83', '85', '85', '86', '86', '85', '85', '90', '90', '85', '85', '87', '87', '88', '88', '85', '86', '88', '88', '88', '88', '86', '87', '0000-00-00'),
(361, '3058903705', 'P-098', 'TM', '', 'MUHAMMAD ABDUL MU\'TI', 'MTS TERPADU LANGSA', 'LAKI-LAKI', 'DUSUN PENDIDIKAN BIREM PUNTONG', '2020-06-10', '0000-00-00', '', 18, '82,17', '84,67', '75,33', '77,67', '80', '80', '81', '82', '85', '85', '74', '74', '75', '75', '80', '74', '85', '84', '85', '84', '85', '85', '78', '75', '79', '76', '80', '78', '2020-06-12'),
(362, '0057335159', '350', 'TL', '', 'RIHAN MISKA', 'SMP NEGERI 11 LANGSA', 'LAKI-LAKI', 'DESA ALUE 2 BAKARAN BATEE, LANGSA BAROE', '2020-06-10', '0000-00-00', '', 47, '85.5', '77.5', '77.3', '84.1', '83', '83', '82', '80', '93', '92', '80', '75', '70', '70', '84', '85', '80', '80', '79', '80', '74', '72', '84', '86', '85', '86', '82', '82', '0000-00-00'),
(363, '3056321829', 'P-566', 'TEL', '', 'TEUKU MUHAMMAD RIFAL AULIA', 'MTS TERPADU LANGSA', 'LAKI-LAKI', 'TUALANG TENGOH LANGSA', '2020-06-10', '0000-00-00', '', 18, '82', '78', '73', '78', '80', '80', '83', '80', '85', '85', '77', '76', '76', '76', '80', '76', '79', '78', '78', '78', '78', '78', '80', '79', '80', '82', '75', '75', '2020-06-13'),
(364, '0057484123', '317', 'TL', '', 'ROBY AFTIANDA', 'SMP NEGERI 3 LANGSA', 'LAKI-LAKI', 'KARANG ANYAR', '2020-06-10', '0000-00-00', '', 47, '87', '87', '87', '90', '85', '85', '87', '86', '88', '87', '84', '84', '87', '85', '89', '92', '87', '87', '87', '87', '86', '86', '82', '82', '86', '87', '90', '90', '0000-00-00'),
(365, '0054393315', '586', 'TO', '', 'CUT NURUL AINI', 'SMP N 1 RANTAU SELAMAT', 'PEREMPUAN', 'DUSUN PEUKAN, BAYEUN, BIREM BAYEUN, ACEH TIMUR', '2020-06-10', '0000-00-00', '', 48, '84,33', '87,17', '82,33', '89,33', '81', '80', '85', '83', '88', '89', '80', '80', '80', '80', '87', '87', '85', '86', '80', '82', '93', '97', '92', '90', '88', '86', '90', '90', '0000-00-00'),
(366, '0049503962', '054', 'TI', '3', 'HAYATUN NUFUS', 'MTs N 1 LANGSA', 'PEREMPUAN', 'JLN. PEUTUA USUH DSN. TEUPIN BUGENG', '2020-06-10', '2020-06-15', 'YES', 47, '91,67', '90,67', '89,50', '87,33', '90', '90', '95', '95', '90', '90', '90', '90', '87', '87', '91', '92', '88', '89', '96', '95', '88', '88', '85', '86', '92', '92', '84', '85', '0000-00-00'),
(367, '0069487240', 'P-598', 'TEL', '', 'M. IKHWAL AZAZI', 'SMP NEGERI 8 LANGSA', 'LAKI-LAKI', 'DESA PONDOK KEMUNING, KEC LANGSA LAMA, KOTA LANGSA', '2020-06-10', '0000-00-00', '', 18, '68', '72', '61', '73', '50', '60', '73', '73', '75', '77', '70', '72', '72', '72', '75', '77', '70', '70', '70', '70', '78', '77', '70', '70', '70', '72', '79', '80', '2020-06-13'),
(368, '0052254507', '318', 'TL', '', 'SULISTIYO', 'SMP NEGERI 2 LANGSA', 'LAKI-LAKI', 'GAMPONG KARANG ANYAR', '2020-06-10', '0000-00-00', '', 47, '84', '85', '85', '87', '83', '83', '85', '83', '86', '86', '83', '83', '88', '88', '85', '85', '85', '85', '85', '85', '85', '86', '88', '88', '84', '84', '87', '89', '0000-00-00'),
(369, '0059225578', '3012', 'TEL', '', 'MUHAMMAD FURQAN', 'SMP NEGERI 1 LANGSA', 'LAKI-LAKI', 'GEUDUBANG JAWA DUSUN CENDANA, GG. MARDIKUN', '2020-06-10', '0000-00-00', '', 43, '79,5', '82,66', '82,8', '83,83', '74', '73', '80', '80', '85', '85', '81', '82', '81', '81', '86', '86', '73', '74', '88', '89', '86', '88', '85', '85', '87', '87', '74', '85', '0000-00-00'),
(370, '0059163110', '188', 'TO', '', 'ANDIKA SURYA RAMADHAN', 'SMP N 2 LANGSA', 'LAKI-LAKI', 'DUSUN RUKUN, KARANG ANYAR, LANGSA BARO, KOTA LANGSA', '2020-06-10', '0000-00-00', '', 48, '84,50', '84,00', '88,00', '87,33', '83', '83', '86', '85', '85', '85', '88', '88', '88', '88', '89', '87', '83', '83', '88', '83', '86', '86', '88', '88', '88', '84', '86', '86', '0000-00-00'),
(371, '0048128232', '573', 'TO', '', 'NURUZZAHRY ABDI', 'SMP N 3 LANGSA', 'LAKI-LAKI', 'DUSUN BTN JLN KEMUNING, SUNGAI PAUH, LANGSA BARAT, KOTA LANGSA', '2020-06-10', '0000-00-00', '', 49, '84,83', '85,67', '88,67', '85,17', '84', '84', '84', '83', '87', '87', '89', '89', '88', '88', '88', '90', '85', '85', '85', '85', '87', '87', '85', '84', '83', '83', '90', '90', '0000-00-00'),
(372, '0026913474', '110', 'TO', '', 'RAMADANA', 'SMP NEGERI 9 LANGSA', 'LAKI-LAKI', 'ALUE CANANG, KEC BIREM BAYEUN, KAB ACEH TIMUR', '2020-06-10', '0000-00-00', '', 42, '78', '82', '90', '86', '76', '76', '76', '76', '82', '82', '91', '91', '95', '95', '83', '84', '82', '82', '82', '82', '83', '84', '85', '86', '88', '90', '84', '85', '0000-00-00'),
(373, '0029931615', '201', 'TM', '', 'GUNAWAN', 'SMP NEGERI 1 RANTAU SELAMAT', 'LAKI-LAKI', 'DUSUN BUKIT KERAMAT KABUPATEN ACEH TIMUR', '2020-06-10', '0000-00-00', '', 42, '80.16', '79.66', '76.33', '80.33', '77', '78', '78', '76', '86', '86', '75', '75', '75', '75', '79', '79', '78', '78', '79', '78', '82', '82', '80', '80', '78', '86', '84', '82', '2020-06-12'),
(374, '0055772205', '521', 'TI', '', 'TEDDY CHAIRIL FATTAH', 'SMP S ISLAMI KUALA SIMPANG', 'LAKI-LAKI', 'JLN. ISKANDAR MUDA NO 77 KEC, KOTA KUALA SIMPANG', '2020-06-10', '0000-00-00', '', 49, '75,83', '81,17', '77,17', '80,67', '71', '70', '68', '69', '88', '89', '80', '75', '78', '78', '76', '76', '86', '86', '74', '75', '83', '83', '77', '78', '79', '80', '85', '85', '0000-00-00');
INSERT INTO `pendaftar` (`id`, `nisn`, `no_formulir`, `kd_jurusan`, `id_kelas`, `nama`, `asal_sekolah`, `gender`, `alamat`, `tgl_daftar`, `tgl_daftar_ulang`, `daftar_ulang`, `id_user`, `bind`, `bing`, `mtk`, `ipa`, `BIN_VIII_1_P`, `BIN_VIII_1_K`, `BIN_VIII_2_P`, `BIN_VIII_2_K`, `BIN_IX_1_P`, `BIN_IX_1_K`, `MTK_VIII_1_P`, `MTK_VIII_1_K`, `MTK_VIII_2_P`, `MTK_VIII_2_K`, `MTK_IX_1_P`, `MTK_IX_1_K`, `BING_VIII_1_P`, `BING_VIII_1_K`, `BING_VIII_2_P`, `BING_VIII_2_K`, `BING_IX_1_P`, `BING_IX_1_K`, `IPA_VIII_1_P`, `IPA_VIII_1_K`, `IPA_VIII_2_P`, `IPA_VIII_2_K`, `IPA_IX_1_P`, `IPA_IX_1_K`, `last_update`) VALUES
(375, '0053944440', '411', 'TEL', '', 'SYAFRIZAL', 'MTS ULUMUL QUR-AN LANGSA', 'LAKI-LAKI', 'LR. UTAMA II, PB. SEULEMAK', '2020-06-10', '0000-00-00', '', 43, '75', '85', '76,5', '77,5', '78', '75', '75', '75', '78', '73', '78', '79', '75', '75', '76', '76', '85', '80', '85', '85', '88', '87', '78', '75', '87', '87', '74', '80', '0000-00-00'),
(376, '3058700378', '551', 'TO', '', 'M. ARIF MAULANA', 'MTSS GEDUBANG ACEH', 'LAKI-LAKI', 'BTN ABRI, GEDUBANG ACEH, KOTA LANGSA', '2020-06-10', '0000-00-00', '', 41, '76', '78', '80', '83', '75', '75', '75', '75', '80', '80', '80', '80', '82', '82', '80', '80', '79', '79', '83', '83', '72', '72', '85', '85', '85', '85', '81', '81', '0000-00-00'),
(377, '0049069628', '059', 'TKP', '', 'IYUS ANANDA', 'SMP N 9 LANGSA', 'LAKI-LAKI', 'DESA ALUE BULOH', '2020-06-10', '0000-00-00', '', 18, '81,6', '79,83', '87', '82', '80', '80', '83', '83', '82', '82', '81', '81', '90', '90', '90', '90', '81', '82', '72', '72', '86', '86', '78', '78', '83', '84', '85', '84', '2020-06-13'),
(379, '0054554958', '164', 'TO', '', 'MUHAMMAD IKHLAS', 'MTSS GEDUBANG ACEH', 'LAKI-LAKI', 'DUSUN I KEUDE RAMBE, DESA GEUDUBANG ACEH', '2020-06-10', '0000-00-00', '', 48, '80,67', '75,00', '75,67', '76,33', '90', '90', '78', '78', '74', '74', '75', '75', '77', '77', '75', '75', '78', '78', '75', '75', '72', '72', '78', '78', '78', '78', '73', '73', '0000-00-00'),
(380, '3052530721', '323', 'TL', '', 'SAPRIZAL ZIKRI', 'MTSS AHLUSSUNAH WAL JAMAAH', 'LAKI-LAKI', 'BLANG MANCUNG ACEH TENGAH', '2020-06-10', '0000-00-00', '', 47, '87.3', '85', '83.5', '85.3', '89', '88', '89', '88', '85', '85', '85', '85', '85', '80', '83', '83', '86', '85', '86', '85', '83', '85', '84', '86', '84', '86', '86', '86', '0000-00-00'),
(381, '0052623880', '244', 'TM', '', 'SYARKAWI', 'SMP NEGERI 4 LANGSA', 'LAKI-LAKI', 'LHOK BANIE', '2020-06-10', '0000-00-00', '', 49, '84,17', '88', '86,33', '84,33', '72', '72', '90', '90', '90', '91', '85', '85', '85', '85', '86', '92', '88', '88', '91', '91', '85', '85', '80', '80', '87', '87', '87', '85', '0000-00-00'),
(382, '0049061715', '737', 'TO', '', 'RIZKI R. DONGAN NAGABE HARAHAP', 'MTsN 3 PADANG LAWAS', 'LAKI-LAKI', 'SERAMBI INDAH, PAYA BUJOK SEULEUMAK, LANGSA BARO', '2020-06-10', '0000-00-00', '', 48, '82,50', '82,00', '79,83', '76,83', '89', '89', '77', '89', '80', '80', '70', '70', '80', '82', '89', '88', '81', '81', '84', '86', '79', '81', '70', '70', '80', '80', '78', '78', '0000-00-00'),
(383, '004280114', '613', 'TO', '', 'AKMALUL HADI', 'SMP NEGERI 4 LANGSA', 'LAKI-LAKI', 'MATANG SEULIMENG', '2020-06-10', '0000-00-00', '', 49, '80,67', '85,83', '80,33', '78,00', '75', '75', '82', '82', '85', '85', '80', '80', '78', '78', '83', '83', '83', '83', '91', '91', '83', '84', '75', '75', '73', '73', '84', '88', '0000-00-00'),
(384, '0053511848', '515', 'TI', '4', 'M. RAZAN PUTRA AKBAR', 'SMP S MUHAMMADIYAH LANGSA', 'LAKI-LAKI', 'JL. PIPA DSN. UTAMA LR. C PB TUNONG ', '2020-06-10', '2020-06-15', 'YES', 47, '84,67', '83,17', '84,83', '84,83', '81', '80', '87', '87', '86', '87', '82', '81', '86', '86', '88', '86', '80', '80', '86', '87', '83', '83', '81', '80', '87', '87', '87', '87', '0000-00-00'),
(385, '0058688094', '308', 'TL', '', 'M. GEPANI KALKAUSAR', 'SMP NEGERI 3 LANGSA', 'LAKI-LAKI', 'PAYA BUJUK SEULEMAK', '2020-06-10', '0000-00-00', '', 47, '86.8', '84.8', '88.6', '89', '84', '83', '89', '89', '89', '87', '87', '87', '88', '88', '91', '91', '83', '82', '83', '83', '89', '89', '86', '90', '88', '85', '94', '91', '0000-00-00'),
(386, '0059025877', 'P-641', 'TEL', '', 'MA RUF MAHMUD', 'SMP N 4 LANGSA', 'LAKI-LAKI', 'LR PUSAKA - SEI PAUH', '2020-06-10', '0000-00-00', '', 18, '82,33', '79,83', '77,67', '75,83', '75', '75', '82', '82', '90', '90', '75', '75', '75', '75', '83', '83', '75', '75', '81', '81', '84', '83', '75', '75', '70', '70', '84', '87', '2020-06-13'),
(387, '005144424', '065', 'TI', '3', 'NAILUL MUNNA', 'SMP NEGERI 6 LANGSA', 'PEREMPUAN', 'TIMBANG LANGSA BIREM RAYEUK', '2020-06-10', '2020-06-18', 'YES', 47, '91', '95', '92', '96', '85', '85', '95', '95', '93', '93', '95', '95', '87', '87', '94', '94', '94', '95', '95', '95', '96', '95', '96', '96', '97', '98', '95', '94', '0000-00-00'),
(388, '0058496436', '027', 'TEL', '', 'LAILATUL HUSNA', 'SMP NEGERI 11 LANGSA', 'PEREMPUAN', 'DUSUN TANI JAYA BIREM RAYEUK - ACEH TIMUR', '2020-06-10', '0000-00-00', '', 18, '86,33', '78,50', '81,50', '81,83', '80', '80', '88', '87', '92', '91', '80', '80', '82', '82', '81', '84', '78', '77', '89', '89', '70', '70', '80', '80', '80', '80', '86', '85', '2020-06-12'),
(389, '0056765079', '154', 'TO', '', 'AULIA WARDANA', 'SMP N 2 LANGSA', 'LAKI-LAKI', 'DUSUN BAHAGIA,  GP GEUDUBANG JAWA, KEC LANGSA BARO - KOTA LANGSA', '2020-06-10', '0000-00-00', '', 18, '85', '86', '87', '86', '84', '84', '84', '84', '87', '88', '85', '85', '90', '90', '87', '88', '86', '86', '87', '87', '85', '85', '87', '87', '84', '84', '87', '87', '0000-00-00'),
(390, '0052088457', '351', 'TL', '', 'MUHAMMAD ANDRE FAKHREZI J', 'SMP NEGERI 3 LANGSA', 'LAKI-LAKI', 'BTN ASAMERA GANG RAMBE NO. 131E', '2020-06-10', '0000-00-00', '', 47, '83.33', '83', '84.66', '84.33', '83', '83', '82', '82', '85', '85', '86', '86', '82', '82', '86', '86', '82', '82', '82', '82', '85', '85', '84', '84', '82', '82', '87', '87', '0000-00-00'),
(391, '0025246455', '572', 'TO', '', 'MUHAMMAD GUNTUR ALFAHREZY', 'SMP N 10 LANGSA', 'LAKI-LAKI', 'DUSUN KELUARGA DESA SEUNEBOK BARO KEC. MANYAK PAYED, KAB ACEH TAMIANG', '2020-06-10', '0000-00-00', '', 50, '82,67', '84,17', '80,33', '81,50', '82', '80', '82', '82', '85', '85', '78', '78', '79', '79', '84', '84', '82', '82', '83', '83', '87', '88', '81', '80', '80', '80', '84', '84', '0000-00-00'),
(392, '0056045580', '245', 'TM', '', 'MUHAMMAD RAIHAN IMANDA', 'SMP NEGERI 9 LANGSA', 'LAKI-LAKI', 'MEURANDEH TENGAH', '2020-06-10', '0000-00-00', '', 18, '76.16', '77.62', '80.66', '75', '73', '73', '78', '78', '80', '75', '77', '77', '80', '80', '85', '85', '75', '75', '75', '75', '82', '84', '65', '65', '75', '76', '85', '84', '0000-00-00'),
(393, '0052890455', 'P-625', 'TM', '', 'HUMMAINI', 'SMP N 1 RANTAU SELAMAT', 'LAKI-LAKI', 'DESA BAYEUN KECAMTAN RANTAU SELAMAT KABUPATEN ACEH TIMUR', '2020-06-10', '0000-00-00', '', 18, '80,83', '79', '78,33', '80', '80', '78', '80', '78', '84', '85', '77', '77', '78', '78', '80', '80', '75', '76', '76', '77', '85', '85', '80', '80', '78', '78', '82', '82', '2020-06-12'),
(394, '0057210507', 'P-045', 'TEL', '', 'KARSYA MAULANA', 'MTs N 1 LANGSA', 'LAKI-LAKI', 'MEURANDEH DAYAH LANGSA LAMA', '2020-06-10', '0000-00-00', '', 18, '82', '80', '80,67', '80,67', '78', '78', '83', '83', '85', '85', '78', '78', '82', '82', '82', '82', '76', '76', '82', '82', '82', '82', '78', '76', '82', '82', '82', '82', '2020-06-12'),
(395, '0052890438', '253', 'TM', '', 'NAUFAL MAULANA', 'SMP NEGERI 1 RANTAU SELAMAT', 'LAKI-LAKI', 'BAYEUN DUSUN HIJRAH', '2020-06-10', '0000-00-00', '', 18, '85.1', '80.5', '82.3', '80.3', '80', '79', '90', '90', '85', '87', '85', '85', '78', '80', '83', '83', '77', '78', '83', '83', '80', '82', '85', '85', '80', '80', '76', '76', '0000-00-00'),
(396, '0053129052', 'P-086', 'TKP', '', 'MUTIA HASANAH', 'SMP NEGERI 11 LANGSA', 'PEREMPUAN', 'ALUE DUA BAKARAN BATE', '2020-06-10', '0000-00-00', '', 18, '81,67', '76,17', '76', '80,17', '80', '80', '80', '80', '85', '85', '79', '73', '79', '79', '74', '72', '78', '77', '82', '80', '70', '70', '80', '80', '80', '80', '82', '79', '2020-06-12'),
(397, '3052184232', '313', 'TL', '', 'TEUKU ZAKY RAY KHANA', 'MTS NEGERI 1 LANGSA', 'LAKI-LAKI', 'JL. P. MAKAM DSN MTG KUMBANG', '2020-06-10', '0000-00-00', '', 47, '86.6', '83.3', '81.6', '81', '79', '80', '85', '86', '82', '82', '76', '76', '86', '86', '87', '87', '78', '78', '86', '85', '83', '83', '78', '78', '85', '82', '83', '82', '0000-00-00'),
(398, '0049205260', '667', 'TO', '', 'AHMAD FACHRI', 'SMP NEGERI 10 LANGSA', 'LAKI-LAKI', 'SUNGAI LEUNG', '2020-06-10', '0000-00-00', '', 48, '86,67', '83,17', '80,00', '81,50', '88', '88', '89', '89', '86', '86', '78', '78', '78', '78', '84', '84', '80', '80', '82', '80', '90', '87', '80', '82', '79', '79', '84', '85', '0000-00-00'),
(399, '004219049', '477', 'TM', '', 'FERDY PRATAMA', 'SMP NEGERI 7 BIREM BAYEUN', 'LAKI-LAKI', 'DESA JAMBOLABU', '2020-06-10', '0000-00-00', '', 18, '78.83', '82.33', '79.16', '79.5', '76', '76', '77', '78', '82', '84', '75', '79', '78', '80', '81', '82', '83', '83', '83', '83', '81', '81', '78', '78', '79', '79', '81', '82', '0000-00-00'),
(400, '0051800153', '569', 'TO', '', 'IRSYAD FARID KHAIRULLAH', 'MTsS GEUDUBANG ACEH', 'LAKI-LAKI', 'DUSUN ABADI DESA PONDOK KEMUNING KEC LANGSA LAMA - KOTA LANGSA', '2020-06-10', '0000-00-00', '', 50, '80,33', '78,33', '84,67', '80,67', '85', '85', '76', '76', '80', '80', '85', '85', '87', '87', '82', '82', '79', '79', '84', '84', '72', '72', '84', '84', '85', '85', '74', '74', '0000-00-00'),
(401, '0046836944', '3009', 'TI', '4', 'ADINDA PUTRI RAHMADANI', 'MTSN 1 ACEH TAMIANG', 'PEREMPUAN', 'JL. MEDAN BANDA ACEH LHOK MEDANG ARA KEC. MANYAK PAYED ACEH TAMIANG', '2020-06-10', '2020-06-16', 'YES', 47, '86,67', '84,33', '85,50', '85,33', '84', '84', '89', '89', '87', '87', '84', '84', '85', '85', '87', '88', '84', '84', '85', '85', '85', '83', '85', '84', '87', '86', '85', '85', '0000-00-00'),
(402, '0059537468', '206', 'TM', '', 'ALVIN IRAWAN', 'SMP NEGERI 1 LANGSA', 'LAKI-LAKI', 'KP. SIDOREJO DSN DAMAI LR. NENAS LANGSA', '2020-06-10', '0000-00-00', '', 18, '82.83', '84', '86.5', '79.5', '82', '81', '80', '79', '86', '89', '85', '85', '85', '85', '90', '89', '80', '81', '85', '81', '87', '86', '85', '84', '86', '85', '83', '86', '0000-00-00'),
(403, '0058641122', '309', 'TL', '', 'M. FARHAN AKBAR', 'SMP NEGERI 11 LANGSA', 'LAKI-LAKI', 'TIMBANG LANGSA', '2020-06-10', '0000-00-00', '', 18, '83.2', '73', '81.3', '77.8', '85', '85', '80', '78', '87', '84', '85', '83', '80', '80', '80', '80', '70', '70', '80', '78', '70', '70', '75', '75', '75', '75', '85', '82', '2020-06-12'),
(404, '0058426443', 'P-012', 'TEL', '', 'WISNU MAULANA HAKIM', 'MTs S GEUDUBANG ACEH', 'LAKI-LAKI', 'GP. KARANG ANYAR', '2020-06-10', '0000-00-00', '', 18, '77', '74,33', '79', '76', '76', '76', '75', '75', '80', '80', '82', '82', '77', '77', '78', '78', '78', '78', '71', '71', '74', '74', '78', '78', '78', '78', '72', '72', '2020-06-12'),
(405, '0051729831', 'P-674', 'TM', '', 'MIFTAHUL KHAIRI', 'MTS NEGERI 1 LANGSA', 'LAKI-LAKI', 'KP. BLANG', '2020-06-10', '0000-00-00', '', 18, '83,00', '81,00', '80,17', '81,67', '80', '82', '84', '84', '84', '84', '75', '75', '83', '83', '82', '83', '76', '76', '83', '83', '84', '84', '80', '80', '83', '83', '82', '82', '2020-06-13'),
(406, '30464221', '310', 'TL', '', 'FAZLULLAH AOULIA AKBAR', 'MTSS GEUDUBANG ACEH', 'LAKI-LAKI', 'DUSUN III BTN ABRI GEUDUBANG ACEH', '2020-06-10', '0000-00-00', '', 47, '82', '80', '85', '85', '85', '85', '78', '78', '83', '83', '85', '85', '87', '87', '84', '84', '79', '79', '80', '80', '81', '81', '85', '85', '85', '85', '86', '86', '0000-00-00'),
(407, '0044742815', 'P-044', 'TM', '', 'SAID RIZKI RAMADHAN', 'MTS SWASTA GEUDUBANG ACEH', 'LAKI-LAKI', 'JL. NURUDDIN ARRANIRY - PAYA BUJOK TUNONG ', '2020-06-10', '0000-00-00', '', 18, '78,67', '75,67', '79,67', '77', '78', '78', '78', '78', '80', '80', '80', '80', '80', '80', '79', '79', '78', '78', '75', '75', '74', '74', '78', '78', '80', '80', '73', '73', '2020-06-12'),
(408, '3051355245', '205', 'TM', '', 'M. IQBAL', 'MTS N 1 LANGSA', 'LAKI-LAKI', 'SIDOREJO KECAMATAN LANGSA LAMA', '2020-06-10', '0000-00-00', '', 18, '83', '82', '83.5', '84.5', '79', '80', '84', '85', '84', '84', '85', '85', '83', '83', '82', '83', '80', '80', '84', '84', '82', '82', '85', '86', '85', '85', '83', '83', '0000-00-00'),
(409, '0056141443', '597', 'TO', '', 'RAYVAN MAULANA', 'SMP NEGERI 3 LANGSA', 'LAKI-LAKI', 'JL. IMUM ALI, DUSUN BATA, KP ALUE BEURAWE', '2020-06-10', '0000-00-00', '', 49, '83,67', '83,33', '83,00', '84,50', '82', '82', '84', '84', '85', '85', '82', '82', '82', '82', '85', '85', '82', '82', '82', '82', '86', '86', '82', '82', '85', '85', '87', '86', '0000-00-00'),
(410, '0058118820', 'P-106', 'TEL', '', 'M. RIZKY ANDIKA', 'MTS TERPADU LANGSA', 'LAKI-LAKI', 'DUSUN BINA HARAPAN ', '2020-06-10', '0000-00-00', '', 18, '79,33', '79,67', '74,67', '77,83', '76', '76', '80', '80', '82', '82', '75', '75', '76', '76', '74', '72', '81', '80', '80', '79', '79', '79', '79', '76', '79', '76', '75', '75', '2020-06-12'),
(411, '0057765811', 'P-3029', 'TEL', '', 'MUHAMMAD RIDWAN', 'MTs S YASPENDI SUNGAI IYU', 'LAKI-LAKI', 'DS. MESJID SUNGAI IYU KEC. BENDAHARA', '2020-06-10', '0000-00-00', '', 18, '79.67', '84.33', '80', '80.33', '75', '75', '81', '81', '83', '83', '78', '78', '84', '84', '78', '78', '78', '78', '85', '85', '90', '90', '75', '75', '81', '81', '85', '85', '2020-06-13'),
(412, '005418683', '248', 'TM', '', 'IRFAN AKBAR', 'SMP NEGERI 6 LHOKSEUMAWE', 'LAKI-LAKI', 'SUNGAI PAUH PUSAKA LANGSA', '2020-06-10', '0000-00-00', '', 18, '82.3', '92.1', '81', '81', '80', '80', '84', '79', '88', '83', '84', '77', '80', '82', '83', '80', '91', '91', '93', '93', '94', '91', '75', '80', '83', '80', '85', '83', '0000-00-00'),
(413, '30575941111', '330', 'TL', '', 'RAY SYACHNARKI', 'MTSS GEUDUBANG ACEH', 'LAKI-LAKI', 'GAMPONG KARANG ANYAR', '2020-06-10', '0000-00-00', '', 47, '78.66', '75', '79.33', '77.66', '80', '80', '82', '82', '74', '74', '75', '75', '75', '75', '88', '88', '78', '78', '75', '75', '72', '72', '78', '78', '78', '78', '77', '77', '0000-00-00'),
(414, '0054190669', 'P-609', 'TL', '', 'M. RAFLY', 'SMP NEGERI 1 RANTAU SEULAMAT', 'LAKI-LAKI', 'ALUE GADENG GP. KECAMATAN BIREM BAYEUN', '2020-06-10', '0000-00-00', '', 18, '82,50', '78,33', '78,33', '81,67', '78', '77', '85', '80', '88', '87', '75', '75', '77', '77', '83', '83', '76', '76', '77', '78', '82', '84', '79', '79', '80', '80', '84', '84', '2020-06-12'),
(415, '0054839780', '638', 'TO', '', 'MHD SOPRIANSYAH', 'MTSN 1 LANGSA', 'LAKI-LAKI', 'DUSUN SITP 5, GAMPONG TENGOH', '2020-06-10', '0000-00-00', '', 49, '82,83', '82,67', '80,17', '81,00', '80', '82', '83', '84', '84', '84', '75', '75', '83', '83', '82', '83', '80', '80', '85', '85', '83', '83', '79', '79', '83', '84', '82', '82', '0000-00-00'),
(416, '0055472520', '436', 'TM', '', 'KHAIRUL RAZI', 'SMP NEGERI 1 RANTAU SELAMAT', 'LAKI-LAKI', 'DUSUN III PERTANIAN BAYEUN KAB. ACEH TIMUR', '2020-06-10', '0000-00-00', '', 18, '79', '78.66', '72.83', '74.16', '78', '78', '80', '78', '80', '80', '74', '73', '70', '70', '75', '75', '75', '76', '76', '77', '83', '85', '74', '74', '73', '74', '75', '75', '0000-00-00'),
(417, '0046173208', 'P-584', 'TEL', '', 'IQBAL RAMADANI', 'SMP NEGERI 9 LANGSA', 'LAKI-LAKI', 'GAMPONG TENGOH', '2020-06-10', '0000-00-00', '', 18, '86', '81', '76', '78', '87', '87', '88', '88', '84', '85', '75', '75', '78', '78', '75', '77', '82', '82', '84', '84', '79', '80', '78', '78', '75', '75', '82', '83', '2020-06-13'),
(418, '0059574658', '554', 'TO', '', 'MUHAMMAD NAZIR', 'MTSN 1 LANGSA', 'LAKI-LAKI', 'JL, ISKANDAR SANI NO;14', '2020-06-10', '0000-00-00', '', 48, '83,33', '82,33', '82,00', '82,00', '79', '80', '85', '88', '84', '84', '78', '80', '84', '84', '82', '84', '80', '80', '84', '84', '83', '83', '80', '80', '83', '83', '82', '82', '0000-00-00'),
(419, '0054514171', 'P-185', 'TM', '', 'TRI SAPUTRA', 'SMP NEGERI 9 LANGSA', 'LAKI-LAKI', 'GMP. SIDODADI', '2020-06-10', '0000-00-00', '', 18, '74', '75', '74', '74', '73', '73', '72', '72', '67', '78', '72', '72', '72', '72', '79', '80', '72', '72', '74', '74', '82', '81', '72', '72', '72', '68', '80', '80', '2020-06-12'),
(420, '0054335791', '437', 'TM', '', 'ARIF RAHMAN', 'SMP NEGERI 1 RANTAU SELAMAT', 'LAKI-LAKI', 'ALUE GADENG DUA', '2020-06-10', '0000-00-00', '', 18, '81.5', '81.1', '78.8', '81', '80', '80', '83', '80', '82', '84', '75', '75', '73', '80', '85', '85', '80', '80', '80', '81', '82', '84', '80', '81', '77', '78', '85', '85', '0000-00-00'),
(421, '0046688651', '722', 'TI', '', 'TEUKU RAJA MUHAMMAD NUR', 'MTS NURUL HUDA', 'LAKI-LAKI', 'GAMPONG SEURIGET ', '2020-06-10', '0000-00-00', '', 50, '77,17', '83,50', '79,17', '83,83', '84', '81', '70', '70', '79', '79', '87', '90', '70', '70', '79', '79', '87', '90', '85', '85', '77', '77', '93', '90', '80', '80', '80', '80', '0000-00-00'),
(423, '0059920708', 'P-564', 'TM', '', 'MUHAMMAD AZLI', 'MTS TERPADU LANGSA', 'LAKI-LAKI', 'LR. GEMBIRA DUSUN . T . SARI SRIGET LANGSA', '2020-06-10', '0000-00-00', '', 18, '81', '86', '75', '77', '85', '80', '83', '80', '80', '80', '75', '75', '75', '75', '76', '74', '85', '88', '88', '90', '85', '85', '76', '78', '80', '80', '75', '73', '2020-06-12'),
(424, '0052890449', '260', 'TM', '', 'MUHAMMAD RIZKI', 'SMP NEGERI 1 BAYEUN', 'LAKI-LAKI', 'BAYEUN KEUDE', '2020-06-10', '0000-00-00', '', 18, '80', '78', '75', '77.33', '78', '77', '80', '78', '83', '84', '73', '73', '73', '73', '79', '79', '76', '77', '77', '78', '80', '80', '80', '80', '75', '75', '76', '78', '0000-00-00'),
(425, '0047408698', '555', 'TO', '', 'RAYHAN RAMADHAN', 'MTSN 1 LANGSA', 'LAKI-LAKI', 'JL. H.AGUS SALIM, KP BLANG', '2020-06-10', '0000-00-00', '', 41, '79', '81', '80', '81', '85', '85', '70', '70', '83', '83', '83', '83', '76', '76', '82', '83', '83', '84', '75', '75', '82', '82', '83', '83', '78', '76', '82', '82', '0000-00-00'),
(426, '0053264617', '660', 'TO', '', 'REPALDO', 'SMP NEGERI 5 LANGSA', 'LAKI-LAKI', 'MEURANDEH TEUNGOH', '2020-06-10', '0000-00-00', '', 41, '78', '78', '76', '81', '78', '76', '78', '76', '80', '80', '76', '76', '75', '72', '85', '82', '72', '72', '75', '75', '81', '79', '86', '87', '84', '83', '78', '78', '0000-00-00'),
(427, '00373233433', '264', 'TM', '', 'MUHAMMAD KHALID', 'SMP NEGERI 7 LANGSA', 'LAKI-LAKI', 'MATANG PANYANG', '2020-06-10', '0000-00-00', '', 18, '77.8', '77', '74', '77', '82', '82', '72', '72', '80', '79', '73', '73', '70', '70', '79', '79', '75', '75', '75', '73', '82', '82', '75', '75', '75', '72', '83', '82', '0000-00-00'),
(428, '0053231395', 'P-658', 'TEL', '', 'REZA TRI SAPUTRA ', 'MTS MIM LANGSA', 'LAKI-LAKI', 'GP MEURANDEH DAYAH KECAMATAN LANGSA LAMA ', '2020-06-10', '0000-00-00', '', 18, '80', '75', '81', '79', '80', '82', '80', '80', '80', '80', '83', '83', '83', '83', '79', '80', '76', '76', '72', '72', '80', '79', '81', '80', '82', '84', '80', '80', '2020-06-13'),
(429, '0030065896', '444', 'TO', '', 'HAMDANI', 'MTS SABILUL ULUM', 'LAKI-LAKI', 'BANGKELANG, KEC BANDAR PUSAKA', '2020-06-10', '0000-00-00', '', 41, '80', '78', '78', '78', '76', '76', '80', '80', '84', '86', '75', '76', '75', '79', '83', '82', '76', '75', '83', '83', '76', '76', '75', '76', '76', '75', '85', '85', '0000-00-00'),
(430, '0012546896', '226', 'TM', '', 'SAFRA WANDA', 'MTS YAPILA', 'LAKI-LAKI', 'ALUE DUA LANGSA BARO', '2020-06-10', '0000-00-00', '', 18, '66', '62', '62', '60', '40', '40', '80', '79', '80', '79', '30', '40', '77', '78', '78', '77', '30', '30', '80', '80', '78', '80', '30', '20', '79', '80', '79', '80', '0000-00-00'),
(431, '0060151452', '571', 'TO', '', 'BERMA PRASISKA', 'MTS AL IKHLAS ', 'LAKI-LAKI', 'ALUE SENTANG', '2020-06-10', '0000-00-00', '', 41, '79', '75', '77', '79', '75', '75', '79', '80', '79', '80', '75', '78', '77', '77', '80', '78', '75', '75', '76', '76', '80', '77', '78', '80', '80', '80', '82', '80', '0000-00-00'),
(432, '0056944429', '710', 'TM', '', 'MAULIDUL ZIKRI', 'SMP SWASTA PGRI 32 PULAU KAMPAI', 'LAKI-LAKI', 'DS. PULAU KAMPAI', '2020-06-10', '0000-00-00', '', 18, '76', '76', '78', '76', '75', '75', '75', '75', '78', '78', '77', '77', '76', '76', '82', '82', '76', '76', '75', '75', '78', '78', '76', '76', '76', '76', '76', '76', '0000-00-00'),
(433, '0041957576', '239', 'TM', '', 'DIYOH', 'SMP NEGERI 2 INDRA MAKMU', 'LAKI-LAKI', 'PAYA BILI II', '2020-06-10', '0000-00-00', '', 18, '75', '73', '67', '71', '70', '70', '80', '80', '75', '75', '70', '70', '70', '70', '60', '60', '65', '65', '80', '80', '50', '50', '68', '65', '65', '65', '75', '75', '0000-00-00'),
(434, '0058701304', '153', 'TO', '', 'MAULANA KAUSAR', 'SMP NEGERI 3 LANGSA', 'LAKI-LAKI', 'ALUE BRAWE', '2020-06-10', '0000-00-00', '', 41, '84', '84', '85', '85', '84', '83', '82', '82', '88', '87', '83', '82', '83', '83', '90', '90', '82', '82', '85', '85', '87', '87', '84', '85', '82', '83', '88', '88', '0000-00-00'),
(440, '0051817147', 'P-606', 'TKP', '', 'IVAN SYAHPUTRA', 'SMP NEGERI 5 LANGSA', 'LAKI-LAKI', 'MEURANDEH TEUNGOH', '2020-06-10', '0000-00-00', '', 18, '74,67', '81,17', '75', '76,50', '75', '73', '75', '73', '76', '76', '75', '75', '72', '72', '78', '78', '78', '77', '81', '81', '87', '83', '74', '74', '78', '78', '77', '78', '2020-06-13'),
(441, '0057523465', 'P-039', 'TEL', '', 'BAYU SYAHREZA', 'MTS SWASTA GEUDUBANG ACEH', 'LAKI-LAKI', 'DUSUN KELAPA GADING', '2020-06-10', '0000-00-00', '', 47, '77', '76', '81', '76,33', '78', '78', '79', '79', '74', '74', '80', '80', '84', '84', '79', '79', '78', '78', '75', '75', '75', '75', '75', '75', '81', '81', '73', '73', '2020-06-22'),
(442, '0047565940', 'P-560', 'TM', '', 'SAYED ALHUJURI', 'SMP NEGERI 1 RANTAU SELAMAT', 'LAKI-LAKI', 'DESA ALUE GADENG GAMPONG', '2020-06-10', '0000-00-00', '', 18, '80', '80', '77', '80', '80', '79', '84', '80', '87', '88', '78', '78', '77', '77', '80', '80', '80', '80', '80', '82', '83', '85', '80', '80', '80', '80', '78', '80', '2020-06-12'),
(443, '0048523983', '234', 'TM', '', 'AKBAR RAMADANA', 'SMP NEGERI 9 LANGSA', 'LAKI-LAKI', 'GAMPONG TEUNGOH LANGSA', '2020-06-10', '0000-00-00', '', 18, '86', '81', '75.3', '79.3', '86', '86', '87', '87', '85', '82', '75', '75', '76', '76', '75', '82', '85', '85', '82', '82', '76', '82', '78', '78', '78', '78', '82', '83', '0000-00-00'),
(444, '0048633317', '203', 'TM', '', 'DIO AJI MAULANA', 'SMP NEGERI 9 LANGSA', 'LAKI-LAKI', 'GP. TEUNGOH DSN. PERSIAPAN LR. YUSUF HASYIM', '2020-06-10', '0000-00-00', '', 18, '73', '74', '75', '77', '74', '74', '77', '77', '79', '81', '74', '72', '78', '78', '75', '75', '75', '75', '72', '72', '76', '76', '75', '75', '78', '78', '80', '80', '0000-00-00'),
(445, '0054844938', 'P-177', 'TEL', '', 'RIAN MAULANA', 'SMP NEGERI 9 LANGSA', 'LAKI-LAKI', 'DESA SIDOREJO', '2020-06-10', '0000-00-00', '', 47, '74', '78', '74', '74', '75', '75', '72', '72', '76', '77', '72', '72', '72', '72', '79', '80', '72', '72', '83', '83', '81', '82', '72', '72', '75', '76', '80', '80', '2020-06-22'),
(446, '0057220257', '255', 'TM', '', 'GILANG YURISKI', 'SMP NEGERI 3 LANGSA', 'LAKI-LAKI', 'GP. SIDOREJO LANGSA', '2020-06-10', '0000-00-00', '', 18, '83.83', '83', '83.5', '84.66', '82', '82', '84', '85', '85', '85', '82', '82', '82', '83', '86', '86', '82', '82', '82', '82', '85', '85', '82', '82', '85', '85', '87', '87', '0000-00-00'),
(447, '3069295514', '557', 'TO', '', 'FARHAN', 'MTS MIM LANGSA', 'LAKI-LAKI', 'LINGK BUKIT', '2020-06-10', '0000-00-00', '', 50, '83,33', '80', '81,83', '84,17', '85', '86', '84', '83', '82', '80', '82', '82', '84', '84', '79', '80', '77', '77', '78', '76', '86', '86', '82', '81', '86', '87', '86', '83', '0000-00-00'),
(448, '0057400645', '145', 'TO', '', 'ALDIANSYAH', 'SMP NEGERI 3 LANGSA', 'LAKI-LAKI', 'DESA ALUE SENTANG KECAMATAN BIREM BAYEUN', '2020-06-10', '0000-00-00', '', 42, '83', '85', '86', '86', '82', '82', '82', '82', '85', '85', '89', '88', '86', '84', '85', '85', '84', '84', '84', '84', '87', '88', '85', '85', '85', '85', '91', '91', '0000-00-00'),
(449, '0046928523', '241', 'TM', '', 'ALIM MAKSUM KUSUMA', 'MTS MIM LANGSA', 'LAKI-LAKI', 'GP. PB. SEULEMAK PERUMNAS LANGSA', '2020-06-10', '0000-00-00', '', 18, '82', '76.7', '81', '81', '84', '84', '84', '84', '74', '78', '82', '83', '82', '83', '78', '78', '76', '76', '76', '76', '78', '78', '82', '82', '82', '84', '78', '78', '0000-00-00'),
(450, '0053467773', '3028', 'TO', '', 'MUHAMMAD HAFIZH', 'MTS SWASTA YASPENDI SUNGAI IYU', 'LAKI-LAKI', 'KUALA GENTING KECAMATAN BENDAHARA', '2020-06-10', '0000-00-00', '', 42, '79', '77', '77', '79', '75', '75', '81', '81', '81', '81', '77', '77', '81', '81', '74', '75', '76', '76', '78', '78', '78', '78', '75', '73', '82', '82', '82', '82', '0000-00-00'),
(451, '0060090814', '214', 'TM', '', 'DENI FERDIANSYAH', 'SMP NEGERI 11 LANGSA', 'LAKI-LAKI', 'DS. BIREM RAYEUK KABUPATEN ACEH TIMUR', '2020-06-10', '0000-00-00', '', 18, '78', '74', '75', '74', '79', '79', '80', '77', '80', '78', '80', '75', '75', '75', '72', '72', '75', '73', '80', '77', '70', '70', '72', '72', '72', '72', '80', '78', '0000-00-00'),
(452, '0057917530', 'P-085', 'TM', '', 'DECO FADHILAH PRASTYATAMA', 'SMP NEGERI 1 LANGSA', 'LAKI-LAKI', 'JL. NAHRISAH, DSN MELATI, PB. BLANG PASE', '2020-06-10', '0000-00-00', '', 47, '84', '78', '78,67', '78,33', '82', '82', '84', '84', '86', '86', '75', '75', '75', '75', '86', '86', '70', '70', '78', '78', '86', '86', '81', '81', '75', '75', '85', '85', '2020-06-22'),
(453, '0056271768', '481', 'TM', '', 'MUHAMMAD FAHRI FAHRANSYAH', 'SMP NEGERI 11 LANGSA', 'LAKI-LAKI', 'DESA TIMBANG LANGSA', '2020-06-10', '0000-00-00', '', 18, '79', '76', '70', '79', '75', '72', '80', '79', '85', '84', '70', '69', '75', '68', '72', '70', '79', '79', '79', '80', '70', '70', '78', '78', '81', '78', '80', '81', '0000-00-00'),
(454, '0063369864', '563', 'TO', '', 'REZA MAULANA', 'MTSS GEDUBANG ACEH', 'LAKI-LAKI', 'GP SUKAJADI MAKMUR, DUSUN 1 ALUE BUAYA', '2020-06-10', '0000-00-00', '', 50, '80,67', '82,67', '84,33', '80,33', '80', '80', '77', '77', '85', '85', '85', '85', '87', '87', '81', '81', '79', '79', '86', '86', '83', '83', '83', '83', '83', '83', '75', '75', '0000-00-00'),
(455, '0047880097', '207', 'TM', '', 'MUHAMMAD ARIF', 'MTs NEGERI 1 LANGSA', 'LAKI-LAKI', 'DUSUN MULIA LR. COKLAT GP. SIDOREJO', '2020-06-10', '0000-00-00', '', 18, '87', '83.6', '83.6', '85', '90', '90', '84', '86', '86', '86', '80', '80', '85', '85', '85', '87', '82', '82', '85', '85', '84', '84', '85', '85', '88', '88', '82', '82', '0000-00-00'),
(456, '0058120723', 'P-159', 'TM', '', 'MUHAMMAD IKHSAN', 'SMP NEGERI 1 LANGSA', 'LAKI-LAKI', 'GAMPONG MATANG SEULIMENG', '2020-06-10', '0000-00-00', '', 18, '80', '77', '76', '79', '70', '68', '86', '85', '86', '89', '72', '72', '72', '72', '87', '85', '72', '73', '72', '72', '87', '87', '72', '72', '81', '80', '85', '85', '2020-06-12'),
(457, '0053677198', '620', 'TO', '', 'REZA MAULANA', 'SMP NEGERI 10 LANGSA', 'LAKI-LAKI', 'DESA MATANG CENGAI KECAMATAN LANGSA TIMUR', '2020-06-10', '0000-00-00', '', 50, '83,33', '82,83', '80', '82', '82', '82', '82', '82', '86', '86', '78', '78', '78', '78', '84', '84', '82', '81', '81', '80', '88', '85', '85', '85', '78', '78', '83', '83', '0000-00-00'),
(458, '0041775859', 'P-615', 'TEL', '', 'M. NOVAN TRISAPUTRA', 'SMP NEGERI 11 LANGSA', 'LAKI-LAKI', 'PAYA BUJOK TUNONG LORONG D LANGSA ', '2020-06-10', '0000-00-00', '', 18, '78,17', '76,83', '71,33', '81,50', '75', '70', '80', '78', '85', '81', '70', '69', '73', '72', '72', '71', '79', '79', '79', '80', '72', '72', '79', '80', '81', '80', '81', '82', '2020-06-12'),
(459, '0052928341', '3001', 'TM', '', 'MUHAMMAD RIZAL', 'SMPN 2 LANGSA', 'LAKI-LAKI', 'JL. NURDIN ARANIRI PAYA BUJUK TUNONG GANG SEULANGA DUSUN DAMAI', '2020-06-10', '0000-00-00', '', 48, '85', '84,33', '83,83', '86', '85', '85', '86', '84', '86', '84', '84', '83', '84', '84', '84', '84', '83', '83', '85', '85', '85', '85', '85', '85', '86', '87', '86', '87', '0000-00-00'),
(460, '0068603215', '202', 'TM', '', 'SAFIRO ORLANDO', 'SMP NEGERI 1 BIREM BAYEUN', 'LAKI-LAKI', 'ARAMIYAH KABUPATEN ACEH TIMUR ', '2020-06-11', '0000-00-00', '', 41, '82.3', '80', '78.3', '79.3', '78', '78', '80', '81', '87', '90', '78', '77', '78', '77', '80', '79', '77', '78', '78', '78', '80', '80', '79', '79', '80', '79', '80', '79', '0000-00-00'),
(461, '0044315592', '216', 'TM', '', 'AKBAR WAHYU DINATA', 'SMP NEGERI 11 LANGSA', 'LAKI-LAKI', 'ALUE DUA BAKARAN BATEE', '2020-06-11', '0000-00-00', '', 41, '75.5', '74.6', '78.6', '78.1', '72', '71', '79', '78', '76', '77', '80', '75', '80', '79', '79', '79', '79', '79', '75', '75', '70', '70', '79', '80', '80', '80', '76', '74', '0000-00-00'),
(462, '3066253456', '140', 'TO', '', 'M. RIDHO AZHARI', 'MTsN 1 LANGSA', 'LAKI-LAKI', 'DUSUN SAWAIT LR.10 ALUE MERBAU KECAMATAN LANGSA TIMUR KOTA LANGSA', '2020-06-11', '0000-00-00', '', 42, '86,3', '83,6', '84,3', '86,1', '85', '85', '86', '90', '86', '86', '79', '79', '86', '90', '85', '87', '80', '80', '87', '87', '84', '84', '85', '85', '88', '90', '84', '85', '0000-00-00'),
(463, '0045479222', 'P-610', 'TM', '', 'FAHRIZA PRANATA', 'SMP NEGERI 2 INDRA MAKMU', 'LAKI-LAKI', 'DUSUN LUBUK CINA ALUE IE ITAM KECAMATAN INDRA MAKMU KABUPATEN ACEH TIMUR', '2020-06-11', '0000-00-00', '', 18, '75', '67', '70', '71', '73', '73', '75', '80', '78', '78', '70', '70', '65', '65', '75', '75', '70', '70', '75', '70', '60', '60', '78', '75', '78', '75', '70', '75', '2020-06-12'),
(464, '0052274165', '219', 'TM', '', 'RAHMAD NUR ALIM', 'SMP NEGERI 9 LANGSA', 'LAKI-LAKI', 'JL. MUHAYATSYH II, GP. DAULAT LANGSA KOTA', '2020-06-11', '0000-00-00', '', 50, '78.6', '83', '78.3', '80.3', '75', '75', '75', '75', '79', '82', '80', '80', '80', '80', '82', '83', '83', '82', '78', '78', '80', '81', '82', '83', '78', '79', '82', '81', '0000-00-00'),
(465, '0052890085', '267', 'TM', '', 'CHAIRUL RAMADHANI', 'MTs MIM LANGSA', 'LAKI-LAKI', 'BIREM RAYEUK KABUPATEN ACEH TIMUR', '2020-06-11', '0000-00-00', '', 50, '81.5', '78.1', '82.5', '85', '84', '84', '82', '80', '79', '80', '81', '81', '86', '86', '80', '81', '77', '76', '78', '78', '80', '80', '80', '80', '85', '85', '90', '90', '0000-00-00'),
(467, '0059245801', '513', 'TI', '4', 'QHANA AL KHATAB ', 'SMP N 1 JEUNIB', 'LAKI-LAKI', 'LR. MAWAR LING. PENDIDIKAN PB. SEULEUMAK', '2020-06-11', '2020-06-15', 'YES', 41, '89', '90.5', '83.5', '90.16', '84', '83', '92', '92', '91', '92', '84', '83', '92', '92', '75', '75', '90', '88', '90', '90', '94', '90', '85', '84', '95', '95', '91', '90', '0000-00-00'),
(468, '0057627557', 'P-562', 'TM', '', 'DIMAS PIRMANSYAH', 'SMP N 11 LANGSA', 'LAKI-LAKI', 'DUSUN TELADAN INDAH, KELURAHAN ALUE DUA, LANGSA BARO, KOTA LANGSA', '2020-06-11', '0000-00-00', '', 18, '79', '74,5', '70,5', '79', '75', '73', '86', '86', '79', '75', '69', '69', '75', '68', '72', '70', '79', '79', '72', '72', '70', '70', '79', '79', '79', '75', '80', '81', '2020-06-12'),
(469, '0056104877', '729', 'TO', '', 'MUHAMMAD ILHAM MANURUNG', 'MTS AZZIROAH AL WASHLIYAH', 'LAKI-LAKI', 'PASAR BARU KECAMATAN TELUK MENGKUDU KABUPATEN SERDANG BEDAGAI', '2020-06-11', '0000-00-00', '', 43, '90', '87', '90', '91', '90', '90', '90', '90', '90', '90', '90', '90', '90', '90', '90', '92', '85', '86', '85', '86', '90', '90', '90', '92', '90', '92', '92', '92', '0000-00-00'),
(470, '0031985375', '233', 'TM', '', 'DZIBAN RIZKY ALIM', 'SMP NEGERI 4 MANYAK PAYED', 'LAKI-LAKI', 'PAYA KETENGGAR KABUPATEN ACEH TAMIANG', '2020-06-11', '0000-00-00', '', 50, '69.16', '70', '65.5', '68.6', '70', '70', '70', '70', '67', '70', '65', '68', '65', '70', '63', '65', '70', '73', '73', '73', '70', '70', '68', '69', '69', '70', '68', '70', '0000-00-00'),
(471, '0057169492', '483', 'TL', '', 'RAHMAD NOVRIAL DANY', 'MTS YAPILA', 'LAKI-LAKI', 'GAMPONG BIREM PUNTONG', '2020-06-11', '0000-00-00', '', 47, '82', '80', '79', '81', '85', '85', '83', '83', '79', '78', '80', '80', '79', '78', '79', '78', '82', '81', '76', '76', '79', '79', '83', '85', '80', '80', '80', '80', '0000-00-00'),
(472, '0054198425', '280', 'TM', '', 'ARIFIN ILHAM ALI', 'SMP NEGERI 3 LANGSA', 'LAKI-LAKI', 'JL. A. YANI LR.P. SYAMAUN', '2020-06-11', '0000-00-00', '', 50, '86.33', '86.66', '86.5', '87', '85', '84', '86', '86', '89', '88', '84', '85', '85', '86', '87', '92', '86', '84', '86', '86', '89', '89', '83', '85', '87', '87', '90', '90', '0000-00-00'),
(473, '3053925672', '482', 'TKP', '', 'MUHAMMAD FAISAL', 'SMP NEGERI 6 LANGSA', 'LAKI-LAKI', 'LOR. STADION, PB. SEULEMAK, LANGSA', '2020-06-11', '0000-00-00', '', 48, '80,1', '82,3', '80,5', '79,3', '74', '75', '73', '73', '93', '93', '76', '76', '72', '72', '94', '93', '81', '80', '70', '76', '93', '94', '79', '80', '60', '70', '93', '94', '0000-00-00'),
(474, '0055674244', '485', 'TL', '', 'M. RINALDI', 'SMP NEGERI 2 LANGSA', 'LAKI-LAKI', 'GP. GEUDUBANG ACEH BTN ABRI KEC. LANGSA BARO', '2020-06-11', '0000-00-00', '', 47, '85', '88.5', '87.1', '87.5', '84', '84', '84', '84', '88', '86', '87', '87', '87', '87', '87', '88', '90', '90', '90', '90', '85', '86', '88', '88', '88', '88', '87', '86', '0000-00-00'),
(475, '0055046565', '652', 'TO', '', 'MUHAMMAD HAIKAL AL-QADRI', 'SMP N 3 LANGSA', 'LAKI-LAKI', 'DUSUN ABADI, KELURAHAN BIREM RAYEUK, KECAMATAN BIREM BAYEUN, KABUPATEN ACEH TIMUR', '2020-06-11', '0000-00-00', '', 43, '87', '88', '86', '88', '85', '85', '87', '86', '91', '88', '85', '85', '84', '82', '92', '92', '85', '85', '88', '88', '91', '91', '84', '85', '86', '88', '95', '91', '0000-00-00'),
(476, '0007143653', 'P-524', 'TKP', '', 'IFAD AL MALIKI', 'SMP N 5 PADANG SIDEMPUAN', 'LAKI-LAKI', 'JL. IRIAN NO.65 PB. BLANG PASE', '2020-06-11', '0000-00-00', '', 47, '84.3', '85.5', '83', '79.3', '82', '82', '84', '84', '87', '87', '78', '78', '89', '89', '82', '84', '80', '82', '90', '92', '87', '86', '75', '75', '80', '80', '82', '84', '2020-06-22'),
(477, '0053791002', '647', 'TO', '', 'MUHAMMAD DAFFA', 'SMP N 3 LANGSA', 'LAKI-LAKI', 'DUSUN DAMAI, KELURAHAN SIDOREJO, KECAMATAN LANGSA KOTA, KOTA LANGSA', '2020-06-11', '0000-00-00', '', 43, '86', '87', '87', '86', '85', '85', '84', '84', '89', '89', '83', '83', '88', '88', '89', '92', '87', '87', '88', '88', '88', '88', '82', '82', '83', '82', '94', '94', '0000-00-00'),
(478, '0041647402', '3027', 'TM', '', 'M . IKRAM', 'SMP NEGERI 4 LANGSA', 'LAKI-LAKI', 'LANGSA SUNGAI PAOH TANJONG RT 09', '2020-06-11', '0000-00-00', '', 50, '91.16', '86.33', '87.66', '81.66', '85', '85', '94', '94', '94', '95', '85', '85', '84', '88', '92', '92', '87', '87', '87', '87', '85', '85', '72', '72', '82', '82', '91', '91', '0000-00-00'),
(480, '3044206360', '369', 'TL', '', 'TEUKU HAKAN KHAIRI', 'MTSS TERPADU LANGSA', 'LAKI-LAKI', 'BTN SEURIGET BLOK B NO.47', '2020-06-11', '0000-00-00', '', 42, '81.5', '79.3', '79.3', '78.1', '82', '82', '80', '80', '82', '82', '80', '80', '80', '80', '78', '78', '79', '80', '80', '81', '78', '78', '79', '78', '78', '78', '78', '78', '2020-06-12'),
(481, '0059543068', '735', 'TEL', '', 'FEBRI YANDA', 'SMP NEGERI 5 BIREM BAYEUN', 'LAKI-LAKI', 'DUSUN SUKA MAKMUR, ALUR NYAMUK', '2020-06-11', '0000-00-00', '', 43, '81', '78', '79', '82', '78', '78', '82', '84', '84', '84', '83', '79', '78', '78', '78', '78', '78', '75', '80', '79', '79', '80', '83', '84', '81', '80', '80', '85', '0000-00-00'),
(482, '0033310678', '257', 'TM', '', 'RAMAWI AZHAR', 'SMP NEGERI 6 LANGSA', 'LAKI-LAKI', 'BLANG TUALANG ', '2020-06-11', '0000-00-00', '', 50, '86.1', '88.3', '86', '87.6', '85', '80', '86', '86', '90', '90', '88', '86', '86', '86', '85', '85', '85', '83', '93', '92', '89', '88', '82', '86', '89', '88', '91', '90', '0000-00-00'),
(483, '3051105570', '484', 'TM', '', 'M. SYA\'BAN', 'MTsS TERPADU LANGSA', 'LAKI-LAKI', 'DSN. UTAMA DESA SEURIGET ', '2020-06-11', '0000-00-00', '', 50, '82', '79.1', '76.8', '79.6', '82', '80', '80', '80', '85', '85', '80', '79', '78', '78', '74', '72', '78', '80', '78', '79', '80', '80', '79', '79', '78', '77', '78', '78', '0000-00-00'),
(484, '0057687134', '048', 'TI', '3', 'ARRINA ARSYAD', 'SMP N 3 LANGSA', 'PEREMPUAN', 'JLN. MEDAN BANDA ACEH ALUR DUA', '2020-06-11', '2020-06-15', 'YES', 18, '85.5', '85.3', '84.3', '89.5', '82', '83', '86', '85', '89', '88', '82', '82', '85', '86', '87', '87', '83', '83', '85', '85', '88', '88', '88', '89', '88', '90', '91', '91', '0000-00-00'),
(485, '3054877837', 'P-174', 'TM', '', 'MUHAMMAD FARID FADILLAH', 'MTS SWASTA GEUDUBANG ACEH', 'LAKI-LAKI', 'PTP MALVINAS', '2020-06-11', '0000-00-00', '', 47, '81', '76', '77', '76', '90', '90', '79', '79', '76', '76', '75', '75', '77', '77', '79', '79', '79', '79', '77', '77', '73', '73', '78', '78', '78', '78', '74', '74', '2020-06-22'),
(486, '0021723048', '272', 'TM', '', 'RADIANSYAH', 'SMP NEGERI 6 LANGSA', 'LAKI-LAKI', 'DUSUN BARU , DESA BLANG  TUALANG KECAMATAN BIREM BAYEUN KABUPATEN ACEH TIMUR', '2020-06-11', '0000-00-00', '', 50, '87.8', '86.1', '85.1', '87.3', '85', '78', '90', '90', '92', '92', '86', '85', '85', '85', '85', '85', '83', '81', '85', '90', '89', '89', '83', '86', '90', '90', '89', '89', '0000-00-00'),
(487, '0059696318', '633', 'TL', '', 'DIO ARMANDO', 'SMP NEGERI 9 LANGSA', 'LAKI-LAKI', 'DESA PONDOK KEUMUNING', '2020-06-11', '0000-00-00', '', 47, '77.1', '84.1', '80.5', '81.6', '75', '75', '75', '75', '84', '79', '73', '73', '85', '85', '84', '83', '81', '81', '87', '87', '80', '80', '85', '86', '78', '79', '81', '81', '0000-00-00'),
(488, '0052949996', 'P-589', 'TEL', '', 'MULYA RIZKI', 'MTsN 1 LANGSA', 'LAKI-LAKI', 'LINGK BALEE KRUENG, GAMPONG TEUNGOH, KECAMATAN LANGSA KOTA -  KOTA LANGSA', '2020-06-11', '0000-00-00', '', 47, '82,33', '80,66', '81,5', '80,33', '79', '79', '83', '83', '85', '85', '78', '78', '82', '84', '83', '84', '78', '78', '82', '82', '82', '82', '78', '78', '82', '80', '82', '82', '2020-06-22'),
(489, '0056547257', '464', 'TKP', '', 'MUHAMMAD ANDRA PRATAMA', 'SMP NEGERI 1 LANGSA', 'LAKI-LAKI', 'DUSUN KEJORA, MEURANDEH TEUNGOH, KEC. LANGSA LAMA, KOTA LANGSA', '2020-06-11', '0000-00-00', '', 49, '79,5', '78', '80,16', '84,5', '74', '73', '80', '80', '85', '85', '72', '73', '82', '82', '86', '86', '73', '74', '75', '76', '85', '85', '82', '85', '85', '85', '85', '85', '0000-00-00'),
(490, '0052972996', '344', 'TL', '', 'M. APRIANSYAH', 'SMP NEGERI 3 LANGSA', 'LAKI-LAKI', 'JL. PERUMNAS (HUTAN LINDUNG) PERUMNAS PAYA BUJUK SEULEMAK', '2020-06-11', '0000-00-00', '', 47, '85', '87.1', '88.1', '86.8', '85', '85', '82', '82', '89', '87', '89', '89', '88', '89', '87', '87', '88', '88', '85', '87', '92', '92', '87', '86', '82', '82', '87', '88', '0000-00-00'),
(491, '0041683832', '681', 'TO', '', 'DIKI', 'MTsS GEUDUBANG ACEH', 'LAKI-LAKI', 'DUSUN ALUR BUAYA, KECAMATAN SUKA JADI MAKMUR, LANGSA BARO, KOTA LANGSA', '2020-06-11', '0000-00-00', '', 43, '76', '81,3', '86', '77', '76', '76', '76', '76', '75', '75', '82', '82', '88', '88', '80', '80', '79', '79', '76', '76', '72', '72', '78', '78', '83', '83', '74', '74', '0000-00-00'),
(492, '0058392218', '665', 'TO', '', 'MUAMAR ALFATAH', 'SMP N 3 LANGSA', 'LAKI-LAKI', 'JLN. MESJID NO. 83 DUSUN UTAMA, KELURAHAN PAYA BUJOK TUNONG, KECAMATAN LANGSA BARO, KOTA LANGSA', '2020-06-11', '0000-00-00', '', 18, '84,1', '83,1', '84,1', '84,3', '83', '83', '83', '83', '87', '86', '82', '82', '84', '84', '87', '86', '82', '83', '82', '82', '85', '85', '83', '83', '83', '83', '88', '87', '0000-00-00'),
(493, '3045979410', '173', 'TO', '', 'HIKMAL AIDIL FITRAH', 'MTS TERPADU LANGSA', 'LAKI-LAKI', 'PERUMAS, DUSUN BUKIT', '2020-06-11', '0000-00-00', '', 41, '84.5', '82.16', '78.5', '79.5', '84', '83', '85', '85', '85', '85', '77', '78', '83', '83', '75', '75', '84', '83', '85', '86', '78', '77', '80', '81', '83', '83', '75', '75', '0000-00-00'),
(494, '0049316184', '250', 'TM', '', 'T. MUHAMMAD AQBAL', 'SMP NEGERI 6 LANGSA', 'LAKI-LAKI', 'BIREM PUNTONG KECAMATAN LANGSA BARO', '2020-06-11', '0000-00-00', '', 50, '87.16', '83.16', '82', '86.5', '81', '81', '87', '88', '94', '94', '80', '80', '81', '81', '85', '85', '77', '78', '85', '85', '87', '87', '85', '85', '87', '86', '88', '88', '0000-00-00'),
(495, '0057854597', '107', 'TO', '', 'FIRNANDA DWI PUTRA', 'SMP NEGERI 2 LANGSA', 'LAKI-LAKI', 'GP KARANG ANYAR DUSUN RUKUN', '2020-06-11', '0000-00-00', '', 41, '85', '85', '85', '84.16', '84', '84', '84', '84', '87', '87', '84', '84', '84', '84', '85', '89', '85', '84', '85', '84', '86', '86', '83', '83', '83', '83', '86', '87', '0000-00-00'),
(496, '0048039904', 'P-453', 'TEL', '', 'ARYA ANGGARA', 'SMP N 6 BIREM BAYEUN', 'LAKI-LAKI', 'DUSUN KELUARGA, KECAMATAN BIREM BAYEUN KABUPATEN ACEH TIMUR', '2020-06-11', '0000-00-00', '', 18, '81', '80,33', '77,16', '77,16', '78', '86', '80', '88', '76', '78', '75', '83', '73', '83', '74', '75', '78', '83', '77', '83', '78', '83', '77', '76', '82', '80', '74', '74', '2020-06-13'),
(497, '0058879050', '270', 'TM', '', 'FAISAL AKBAR', 'MTS MIM LANGSA', 'LAKI-LAKI', 'DESA ALUR DUA ', '2020-06-11', '0000-00-00', '', 50, '81', '77', '82', '85', '82', '82', '82', '82', '79', '79', '83', '84', '83', '84', '80', '80', '76', '76', '76', '76', '79', '79', '84', '84', '84', '84', '86', '86', '0000-00-00'),
(498, '0051485717', '368', 'TL', '', 'FAJAR ANANDA', 'SMP NEGERI 4 LANGSA', 'LAKI-LAKI', 'MATANG SEULIMENG LK II', '2020-06-11', '0000-00-00', '', 47, '85.3', '87.6', '86', '76', '78', '78', '92', '92', '86', '86', '80', '80', '80', '80', '91', '93', '85', '85', '92', '92', '85', '87', '72', '72', '73', '73', '83', '83', '0000-00-00'),
(499, '0055490303', '480', 'TM', '', 'PUTRA PRATAMA', 'SMP NEGERI 2 LANGSA', 'LAKI-LAKI', 'KARANG ANYAR LANGSA ', '2020-06-11', '0000-00-00', '', 50, '82', '81.83', '87', '81.5', '83', '83', '84', '83', '86', '85', '83', '83', '91', '91', '89', '85', '84', '84', '83', '83', '85', '86', '83', '83', '83', '83', '85', '84', '0000-00-00'),
(500, '0059699972', '678', 'TO', '', 'MUNAWIR', 'SMP N 1 LANGSA', 'LAKI-LAKI', 'DUSUN SETIA LR PEPAYA, KELURAHAN SIDOREJO, KECAMATAN LANGSA LAMA, KOTA LANGSA', '2020-06-11', '0000-00-00', '', 18, '86', '77', '80', '83', '81', '82', '88', '88', '88', '91', '75', '76', '81', '81', '85', '85', '73', '74', '73', '74', '87', '86', '83', '83', '83', '83', '85', '85', '0000-00-00'),
(501, '0045994015', '137', 'TO', '', 'ADITYA ANDHARA', 'MTS SWASTA AL-IKHLAS', 'LAKI-LAKI', 'ALUE SENTANG', '2020-06-11', '0000-00-00', '', 42, '81', '78', '79', '82', '80', '80', '83', '83', '80', '83', '80', '79', '80', '80', '78', '77', '78', '80', '78', '80', '80', '77', '78', '80', '84', '84', '85', '84', '0000-00-00'),
(502, '0049401862', '211', 'TM', '', 'SUNARDI', 'SMP NEGERI 11 LANGSA', 'LAKI-LAKI', 'DUSUN BARU KEC. BIREM BAYEUN, KABUPATEN ACEH TIMUR', '2020-06-11', '0000-00-00', '', 50, '80.5', '71.3', '70.3', '74.5', '80', '80', '80', '75', '85', '83', '70', '68', '70', '70', '73', '71', '69', '69', '75', '75', '70', '70', '72', '72', '72', '72', '79', '79', '0000-00-00'),
(503, '0033310683', '650', 'TO', '', 'SARIAL AMRI', 'SMP N 6 LANGSA', 'LAKI-LAKI', 'DUSUN ALUE BELAH, KELURAHAN ALUE TUWI, KECAMTAN RANTAU SELAMAT, KABUPATEN ACEH TIMUR', '2020-06-11', '0000-00-00', '', 49, '88', '88', '87,5', '90,5', '90', '90', '87', '87', '87', '87', '87', '87', '82', '82', '93', '94', '85', '85', '90', '87', '90', '90', '90', '90', '93', '94', '88', '88', '0000-00-00'),
(504, '0052196330', '593', 'TL', '', 'NICKY HAYDEN', 'SMP NEGERI 7 BIREM BAYEUN', 'LAKI-LAKI', 'DESA JAMBO LABU DUSUN SUMBER SARI', '2020-06-11', '0000-00-00', '', 47, '78.8', '80.5', '79', '80', '76', '76', '77', '78', '82', '84', '75', '79', '77', '80', '81', '82', '80', '80', '80', '81', '81', '81', '79', '80', '80', '80', '81', '80', '0000-00-00'),
(505, '0047170509', '552', 'TO', '', 'ADRIAN PRATAMA', 'SMP NEGERI 1 MANYAK PAYED', 'LAKI-LAKI', 'MATANG ARA ACEH', '2020-06-11', '0000-00-00', '', 42, '74', '78.83', '75.5', '72.66', '76', '76', '70', '71', '75', '76', '75', '75', '75', '75', '75', '78', '77', '74', '74', '75', '74', '75', '80', '74', '70', '71', '70', '71', '0000-00-00'),
(506, '3053412992', '320', 'TL', '', 'HERU SETIAWAN SAPUTRA', 'MTSS GEUDUBANG ACEH', 'LAKI-LAKI', 'GEUDUBANG ACEH BTN ABRI', '2020-06-11', '0000-00-00', '', 47, '78', '78', '78', '80', '90', '90', '78', '78', '74', '74', '75', '75', '78', '78', '79', '79', '78', '78', '75', '75', '72', '72', '80', '80', '78', '78', '74', '74', '0000-00-00'),
(507, '0055744239', '324', 'TL', '', 'RIFKI MAULANA', 'SMP NEGERI 3 LANGSA', 'LAKI-LAKI', 'LR. GABUNGAN PAYA BUJOK SEULEMAK', '2020-06-11', '0000-00-00', '', 47, '84', '84', '83', '85', '82', '82', '82', '82', '90', '88', '82', '82', '83', '83', '86', '86', '82', '82', '85', '85', '87', '88', '86', '85', '82', '82', '89', '89', '0000-00-00'),
(508, '0053654177', 'P-622', 'TEL', '', 'M. KHAIDIR SYAHPUTRA', 'MTsS TERPADU KOTA LANGSA', 'LAKI-LAKI', 'LR. RAHMAT, KELURAHAN PAYA BUJOK SEULEUMAK, LANGSA BARO, KOTA LANGSA', '2020-06-11', '0000-00-00', '', 18, '79,16', '79,5', '74,5', '76,83', '78', '77', '80', '80', '80', '80', '76', '76', '75', '76', '72', '72', '81', '80', '80', '80', '78', '78', '78', '78', '79', '78', '75', '73', '2020-06-13'),
(509, '0035926564', '443', 'TL', '', 'MUFATZAL', 'PKBM SALSABILA', 'LAKI-LAKI', 'SUNGAI PAUH FIRDAUS', '2020-06-11', '0000-00-00', '', 47, '71.8', '70.7', '71.3', '71.6', '64', '71', '64', '65', '83', '84', '61', '69', '61', '65', '87', '85', '62', '63', '62', '64', '84', '86', '62', '65', '62', '76', '83', '82', '0000-00-00'),
(510, '0025928738', '476', 'TM', '', 'MUHAMMAD FAISAL', 'SMP NEGERI 9 LANGSA', 'LAKI-LAKI', 'DESA BIREM PUNTONG LANGSA', '2020-06-11', '0000-00-00', '', 50, '77.33', '79.33', '76.66', '77.5', '72', '73', '82', '82', '79', '76', '72', '72', '76', '76', '82', '82', '81', '81', '76', '76', '82', '80', '72', '72', '78', '80', '81', '82', '0000-00-00'),
(511, '0051282986', '635', 'TO', '', 'M. VALYZA ZUANDA', 'SMP NEGERI 6 LANGSA', 'LAKI-LAKI', 'PRUMNAS PB. SELEUMAK', '2020-06-11', '0000-00-00', '', 42, '88.3', '87.3', '85.5', '90', '85', '85', '90', '92', '89', '89', '84', '83', '84', '84', '90', '88', '86', '87', '87', '87', '89', '88', '90', '90', '90', '90', '90', '90', '0000-00-00'),
(512, '0058004121', '446', 'TL', '', 'AGUSNI', 'SMP NEGERI 6 LANGSA', 'LAKI-LAKI', 'ALUE DUA', '2020-06-11', '0000-00-00', '', 47, '82', '81.5', '81.8', '81.6', '82', '82', '82', '82', '82', '82', '82', '82', '82', '82', '82', '81', '83', '82', '82', '82', '80', '80', '83', '83', '82', '82', '80', '80', '0000-00-00'),
(513, '0058016978', 'P-170', 'TM', '', 'IQBAL DIANSYAH', 'MTsS GEUDUBANG ACEH', 'LAKI-LAKI', 'DSN II ALOE SABOH, GDB ACEH GG. SEI MATI, KECAMATAN LANGSA BARO, KOTA LANGSA', '2020-06-11', '0000-00-00', '', 47, '77', '75', '80', '78', '78', '78', '78', '78', '77', '77', '80', '80', '82', '82', '79', '79', '79', '79', '76', '76', '72', '72', '78', '78', '83', '83', '74', '74', '2020-06-22'),
(514, '0055886383', '486', 'TM', '', 'ALDWI FAATIHAH', 'SMP NEGERI 2 LANGSA', 'LAKI-LAKI', 'GEUDUBANG JAWA LANGSA', '2020-06-11', '0000-00-00', '', 50, '85.3', '84.5', '86.5', '84.1', '83', '83', '84', '84', '89', '89', '85', '85', '88', '88', '88', '85', '83', '83', '84', '83', '87', '87', '83', '83', '83', '83', '86', '87', '0000-00-00'),
(515, '0054429553', '353', 'TL', '', 'DASMIKA', 'SMP NEGERI 1 PANTE BIDARI', 'LAKI-LAKI', 'MATANG SEULIMENG LR. TPI NO.186', '2020-06-11', '0000-00-00', '', 47, '83.6', '84.5', '82.8', '85.1', '80', '82', '83', '85', '86', '86', '79', '80', '84', '84', '84', '86', '80', '82', '86', '86', '86', '87', '83', '84', '88', '85', '85', '86', '0000-00-00'),
(516, '0059050642', '096', 'TI', '4', 'DINDA FITRIANI', 'MTs S GEUDUBANG ACEH', 'PEREMPUAN', 'JLN. LILAWANGSA DSN. II ALOE SABOH', '2020-06-11', '2020-06-17', 'YES', 18, '84', '83', '86', '87', '90', '90', '79', '79', '83', '83', '88', '88', '88', '88', '83', '83', '79', '79', '85', '85', '86', '86', '88', '88', '88', '88', '84', '84', '0000-00-00'),
(517, '0059012755', '274', 'TM', '', 'RAIHAN DZAKI', 'BUSTANUL HUDA LANGSA', 'LAKI-LAKI', 'DESA ALUE SENTANG KECAMATAN MANYAK PAYED KABUPATEN ACEH TAMIANG', '2020-06-11', '0000-00-00', '', 50, '82.33', '81.16', '80.5', '82', '82', '80', '82', '82', '84', '84', '76', '75', '80', '82', '85', '85', '81', '80', '80', '80', '83', '83', '79', '79', '82', '82', '84', '84', '0000-00-00'),
(518, '0058607349', '335', 'TL', '', 'MUHAMMAD ILVAN', 'MTSS RAUDHATUN NAJAH', 'LAKI-LAKI', 'GEUDUBANG JAWA', '2020-06-11', '0000-00-00', '', 42, '79.5', '76', '75.1', '79.6', '78', '80', '78', '78', '81', '82', '75', '75', '76', '75', '75', '75', '75', '75', '75', '75', '78', '78', '80', '80', '79', '79', '80', '80', '0000-00-00'),
(519, '0059358642', '073', 'TI', '', 'REVA SEPIRA', 'SMP N 9 LANGSA', 'PEREMPUAN', 'DUSUN SETIA GP. LENGKONG ', '2020-06-11', '0000-00-00', '', 18, '80.5', '79.16', '80.16', '77.66', '78', '78', '82', '82', '82', '81', '78', '73', '85', '85', '80', '80', '75', '75', '78', '78', '84', '85', '75', '75', '73', '73', '85', '85', '0000-00-00'),
(520, '0051767157', '646', 'TO', '', 'DARY AKBAR SYAHPUTRA', 'SMP NEGERI 2 LANGSA', 'LAKI-LAKI', 'JL. KEBUN BARU LOR. CEMPAKA PB. SELEUMAK', '2020-06-11', '0000-00-00', '', 42, '83.1', '83.8', '83.8', '83.8', '82', '82', '82', '82', '86', '85', '82', '82', '82', '82', '88', '87', '82', '82', '83', '83', '86', '87', '83', '83', '82', '82', '86', '87', '0000-00-00'),
(521, '0051593041', 'P-152', 'TEL', '', 'DERI IRVANDA', 'SMP NEGERI 7 LANGSA', 'LAKI-LAKI', 'DUSUN MAKMUR, DESA ASAM PETIK', '2020-06-11', '0000-00-00', '', 47, '81.16', '82.66', '77.16', '85', '82', '82', '80', '80', '82', '81', '75', '75', '72', '75', '83', '83', '80', '80', '83', '81', '86', '86', '90', '91', '82', '82', '82', '83', '2020-06-22'),
(522, '3035778381', '251', 'TO', '', 'IWAN', 'MTsS GEUDUBANG ACEH', 'LAKI-LAKI', 'DUSUN III LOH, KELURAHAN SUKA JADI MAKMUR, KECAMATAN LANGSA BARO, KOTA LANGSA', '2020-06-11', '0000-00-00', '', 42, '77,3', '76,3', '84', '81', '78', '78', '80', '80', '74', '74', '85', '85', '87', '87', '80', '80', '79', '79', '78', '78', '72', '72', '80', '80', '85', '85', '78', '78', '0000-00-00'),
(523, '0049038347', '629', 'TO', '', 'DIO DAMARA', 'SMP NEGERI 3 LANGSA', 'LAKI-LAKI', 'TIMBANG LANGSA', '2020-06-11', '0000-00-00', '', 42, '84', '85', '85', '85', '82', '82', '85', '85', '86', '85', '85', '85', '86', '86', '85', '85', '83', '83', '84', '84', '87', '86', '82', '82', '82', '82', '92', '92', '0000-00-00');
INSERT INTO `pendaftar` (`id`, `nisn`, `no_formulir`, `kd_jurusan`, `id_kelas`, `nama`, `asal_sekolah`, `gender`, `alamat`, `tgl_daftar`, `tgl_daftar_ulang`, `daftar_ulang`, `id_user`, `bind`, `bing`, `mtk`, `ipa`, `BIN_VIII_1_P`, `BIN_VIII_1_K`, `BIN_VIII_2_P`, `BIN_VIII_2_K`, `BIN_IX_1_P`, `BIN_IX_1_K`, `MTK_VIII_1_P`, `MTK_VIII_1_K`, `MTK_VIII_2_P`, `MTK_VIII_2_K`, `MTK_IX_1_P`, `MTK_IX_1_K`, `BING_VIII_1_P`, `BING_VIII_1_K`, `BING_VIII_2_P`, `BING_VIII_2_K`, `BING_IX_1_P`, `BING_IX_1_K`, `IPA_VIII_1_P`, `IPA_VIII_1_K`, `IPA_VIII_2_P`, `IPA_VIII_2_K`, `IPA_IX_1_P`, `IPA_IX_1_K`, `last_update`) VALUES
(524, '0042379959', '266', 'TM', '', 'AHLUN NAZAR', 'MTs S ULUMUL QUR-AN LANGSA', 'LAKI-LAKI', 'ALUE CANANG', '2020-06-11', '0000-00-00', '', 41, '', '', '', '', '84', '82', '75', '76', '85', '84', '80', '83', '82', '83', '85', '85', '75', '75', '80', '78', '80', '78', '80', '80', '82', '83', '78', '78', '0000-00-00'),
(525, '0042439089', '371', 'TL', '', 'RADA ADRIANSYAH', 'SMP NEGERI 1 RANTAU SELAMAT', 'LAKI-LAKI', 'BAYEUN', '2020-06-11', '0000-00-00', '', 42, '80.5', '80.8', '79.5', '76.6', '79', '79', '82', '81', '83', '85', '75', '75', '75', '78', '87', '87', '79', '79', '79', '80', '83', '85', '73', '73', '78', '78', '79', '79', '0000-00-00'),
(526, '0059152538', '182', 'TO', '', 'M. RADHITYO PRATAMA', 'SMP NEGERI 9 LANGSA', 'LAKI-LAKI', 'DUSUN RAHMAT PB. SELEUMAK LANGSA BARO', '2020-06-11', '0000-00-00', '', 43, '74.9', '81', '81.8', '82.6', '82', '82', '82', '82', '77', '76', '83', '83', '82', '82', '94', '95', '82', '82', '85', '85', '76', '76', '83', '83', '82', '82', '83', '84', '0000-00-00'),
(527, '0049870290', '736', 'TO', '', 'A. SOBARI IKHWAN', 'SMP NEGERI 1 PEUNARON', 'LAKI-LAKI', 'DESA BUKIT TIGA, KEC PEUNARON', '2020-06-11', '0000-00-00', '', 43, '68.6', '66.8', '68', '69.6', '68', '70', '60', '60', '67', '67', '65', '73', '63', '63', '69', '69', '68', '70', '74', '74', '67', '67', '75', '75', '72', '71', '64', '67', '0000-00-00'),
(532, '0032336984', '491', 'TEL', '', 'T. IRFAN', 'SMP NEGERI 4 LANGSA', 'LAKI-LAKI', 'DUSUN DELIMA, SUNGAI PAUH', '2020-06-11', '0000-00-00', '', 43, '80,33', '86,5', '77,66', '78,33', '72', '72', '83', '83', '85', '87', '75', '75', '75', '75', '83', '83', '84', '84', '91', '91', '85', '84', '72', '72', '80', '80', '83', '83', '0000-00-00'),
(533, '3004299304', '273', 'TM', '', 'SEMANDI', 'SMP NEGERI 6 LANGSA', 'LAKI-LAKI', 'Dusun Baru Kelurahan Blang Tualang, kecamatan Birem Bayeun Kebupaten Aceh Timur', '2020-06-11', '0000-00-00', '', 50, '86.5', '87', '86.3', '85.8', '85', '78', '88', '88', '90', '90', '88', '86', '87', '87', '85', '85', '91', '87', '83', '85', '88', '88', '82', '85', '85', '85', '89', '89', '0000-00-00'),
(534, '3054877683', '465', 'TKP', '', 'NURLIS MAWAR ZANI', 'MTS SWASTA TERPADU', 'PEREMPUAN', 'SEULALAH ATAS, LANGSA', '2020-06-11', '0000-00-00', '', 48, '86,5', '83,1', '80,3', '80', '83', '84', '83', '83', '93', '93', '84', '84', '85', '85', '72', '72', '85', '85', '85', '85', '80', '79', '79', '75', '79', '76', '86', '85', '0000-00-00'),
(535, '0054239384', '242', 'TM', '', 'WAHYU KURNIAWAN', 'SMP NEGERI 11 LANGSA', 'LAKI-LAKI', 'DESA KEUDE BIREM DUSUN PERTANIAN KEBUPATEN ACEH TIMUR', '2020-06-11', '0000-00-00', '', 50, '77', '77.16', '77.83', '79.83', '75', '75', '78', '76', '80', '78', '80', '80', '80', '79', '76', '72', '81', '80', '79', '79', '72', '72', '79', '80', '80', '80', '80', '80', '0000-00-00'),
(536, '0041754559', '329', 'TL', '', 'AIDIL AKBAR SYAHPUTRA', 'SMP NEGERI 2 BIREM BAYEUN', 'LAKI-LAKI', 'DESA PAYA BILI SA', '2020-06-11', '0000-00-00', '', 42, '73.5', '73.3', '71.6', '77.3', '75', '70', '73', '73', '75', '75', '70', '70', '70', '70', '75', '75', '72', '72', '73', '73', '75', '75', '75', '75', '78', '78', '78', '80', '0000-00-00'),
(537, '0056671543', '138', 'TO', '', 'MUHAMMAD RAFIQ AZ-ZAIN', 'MTS TERPADU LANGSA', 'LAKI-LAKI', 'JL. ASTER N0. 86 BTN SUNGAI PAUH LANGSA', '2020-06-11', '0000-00-00', '', 43, '80', '80.6', '76.8', '77.3', '80', '80', '80', '80', '80', '80', '78', '78', '78', '79', '74', '74', '83', '81', '84', '80', '78', '78', '79', '78', '78', '78', '76', '75', '0000-00-00'),
(538, '0051641803', '373', 'TL', '', 'AHMAD GHIFARI', 'MTSS GEUDUBANG ACEH', 'LAKI-LAKI', 'GEUDUBANG ACEH', '2020-06-11', '0000-00-00', '', 42, '78.3', '76.5', '75.8', '75.6', '90', '90', '77', '77', '81', '81', '80', '80', '78', '78', '79', '79', '78', '78', '78', '78', '82', '82', '78', '78', '82', '82', '76', '76', '0000-00-00'),
(539, '0056574423', 'P-131', 'TL', '', 'MUHAMMAD FACHRIANSYAH', 'MTS SWASTA RAUDHATUN NAJAH', 'LAKI-LAKI', 'SUNGAI PAUH', '2020-06-11', '0000-00-00', '', 18, '79.3', '77', '77.8', '85', '80', '82', '78', '76', '80', '80', '80', '78', '78', '78', '78', '75', '75', '75', '78', '78', '78', '78', '85', '85', '89', '90', '85', '86', '2020-06-13'),
(540, '0053605289', 'P-132', 'TL', '', 'DISYAHRI AULIA', 'MTS TERPADU LANGSA', 'LAKI-LAKI', 'BTN SUNGAI PAUH', '2020-06-11', '0000-00-00', '', 18, '77', '77.3', '74', '74.3', '78', '78', '73', '73', '80', '80', '75', '75', '75', '75', '72', '72', '77', '78', '78', '79', '77', '75', '75', '74', '73', '74', '75', '75', '2020-06-13'),
(541, '0051687187', '366', 'TL', '', 'SAFRIZAL AZMI', 'SMP NEGERI 9 LANGSA', 'LAKI-LAKI', 'DESA PONDOK KEUMUNING LANGSA LAMA', '2020-06-11', '0000-00-00', '', 42, '83.6', '76.3', '75', '81', '83', '83', '85', '85', '83', '83', '78', '78', '72', '72', '75', '80', '78', '78', '75', '75', '76', '76', '80', '80', '82', '82', '81', '80', '0000-00-00'),
(542, '0058950352', '605', 'TO', '', 'DUTA PRAYOGA', 'SMP NEGERI 9 LANGSA', 'LAKI-LAKI', 'DESA MEURANDE TEUNGOH', '2020-06-11', '0000-00-00', '', 43, '76.33', '83.5', '87.83', '86.5', '75', '75', '75', '75', '81', '77', '91', '91', '90', '90', '83', '84', '82', '82', '87', '87', '81', '82', '85', '86', '89', '90', '85', '84', '0000-00-00'),
(543, '0056707800', '367', 'TL', '', 'AKBAR SAKILLA', 'SMP NEGERI 1 RANTAU SELAMAT', 'LAKI-LAKI', 'DUSUN TUALANG DESA BAYEUN', '2020-06-11', '0000-00-00', '', 42, '80', '78', '67.6', '74.1', '80', '80', '80', '80', '80', '80', '73', '73', '70', '70', '60', '60', '77', '78', '76', '77', '80', '80', '73', '73', '73', '74', '76', '76', '0000-00-00'),
(544, '0052132698', '473', 'TKP', '', 'HAIKAL', 'MTS NEGERI 1 LANGSA', 'LAKI-LAKI', 'MTG SEULIMENG, LANGSA', '2020-06-11', '0000-00-00', '', 48, '88,6', '84,3', '82,3', '82,3', '88', '90', '88', '89', '87', '87', '77', '77', '84', '84', '85', '87', '78', '78', '88', '88', '86', '86', '80', '80', '82', '82', '85', '85', '0000-00-00'),
(545, '0052852345', '161', 'TO', '', 'ADAM SYAHRIANDA', 'SMP NEGERI 2 LANGSA', 'LAKI-LAKI', 'GEUDUBANG JAWA', '2020-06-11', '0000-00-00', '', 18, '71.3', '84.3', '71.6', '70.5', '84', '84', '84', '84', '88', '88', '85', '85', '85', '85', '89', '86', '84', '83', '84', '84', '86', '86', '83', '83', '83', '83', '87', '87', '0000-00-00'),
(546, '3051825230', '639', 'TM', '', 'RICHO HIDAYAT', 'MTsS GEUDUBANG ACEH', 'LAKI-LAKI', 'GAMPONG SUKA JADI MAKMUR', '2020-06-11', '0000-00-00', '', 50, '77.6', '79', '82.3', '80.1', '75', '75', '77', '77', '78', '78', '83', '83', '85', '85', '79', '79', '79', '79', '86', '86', '72', '72', '83', '83', '85', '85', '72', '72', '0000-00-00'),
(547, '0052749363', 'P-130', 'TL', '', 'MUHAMMAD RISKI', 'SMP NEGERI 9 LANGSA', 'LAKI-LAKI', 'JL. TERATAI DUSUN BTN SEI PAUH', '2020-06-11', '0000-00-00', '', 18, '77.5', '78.8', '77', '76.7', '78', '78', '78', '78', '77', '76', '76', '72', '76', '76', '80', '80', '82', '82', '73', '73', '80', '83', '78', '78', '77', '77', '75', '75', '2020-06-13'),
(548, '0053260671', '494', 'TKP', '', 'BALQIS FATHONAH HUSNA', 'SMP NEGERI 3 LANGSA', 'PEREMPUAN', 'JLN. PERUMNAS, PB. SEULEMAK, LANGSA', '2020-06-11', '0000-00-00', '', 49, '87,5', '87,1', '87,5', '87,5', '85', '89', '86', '86', '91', '83', '88', '88', '85', '86', '89', '89', '84', '84', '84', '84', '95', '92', '86', '85', '84', '86', '92', '92', '0000-00-00'),
(549, '0055701161', '181', 'TO', '', 'SADIQUL WAHDI', 'MTS NEGERI 1 LANGSA', 'LAKI-LAKI', 'SUNGAI LUENG  DUSUN RAHMAT', '2020-06-11', '0000-00-00', '', 42, '87.6', '84.6', '83.8', '84', '86', '88', '91', '91', '85', '85', '80', '80', '86', '88', '84', '85', '80', '80', '90', '90', '84', '85', '78', '78', '92', '92', '82', '82', '0000-00-00'),
(550, '0058012704', '642', 'TO', '', 'KEVIN RYANDA', 'MTS MIM LANGSA', 'LAKI-LAKI', 'JL. MESJID SIDODADI LORONG 3 SIDODADI', '2020-06-11', '0000-00-00', '', 42, '81.6', '78.5', '82.3', '82.1', '82', '81', '80', '78', '84', '85', '82', '83', '83', '83', '81', '82', '76', '76', '79', '78', '80', '82', '81', '80', '84', '87', '81', '80', '0000-00-00'),
(553, '0057697254', '616', 'TO', '', 'ARMANSYAH PUTRA', 'SMP NEGERI 2 LANGSA', 'LAKI-LAKI', 'GAMPONG SUKA JADI MAKMUR DSN. I ALUR BUAYA', '2020-06-11', '0000-00-00', '', 42, '83.6', '88.3', '85.6', '85.6', '83', '83', '83', '83', '85', '85', '84', '84', '84', '84', '89', '90', '88', '88', '88', '88', '89', '89', '85', '85', '85', '85', '87', '87', '0000-00-00'),
(554, '0056667463', '092', 'TI', '4', 'DIBA SYAH FITRI', 'SMP N 4 LANGSA', 'LAKI-LAKI', 'DUSUN KEUMALA JEUMPA LHOK BANIE', '2020-06-11', '2020-06-16', 'YES', 42, '86.8', '86.1', '87', '88.3', '90', '90', '87', '88', '83', '83', '87', '87', '90', '90', '85', '85', '85', '85', '88', '89', '87', '87', '90', '90', '87', '87', '88', '90', '0000-00-00'),
(557, '0050878226', '3022', 'TI', '', 'YUWEN SERLY', 'SMP N 7 KEJURUAN ACEH TAMIANG', 'PEREMPUAN', 'DUSUN INGIN JAYA DESA SUKA MAKMUR KEC. KEJURUAN MUDA', '2020-06-11', '0000-00-00', '', 18, '80', '77.66', '74.66', '72.33', '79', '81', '78', '79', '83', '85', '72', '72', '75', '76', '77', '80', '77', '77', '76', '77', '80', '80', '87', '75', '83', '81', '71', '84', '0000-00-00'),
(558, '00053300979', '705', 'TI', '', 'AMROZI', 'MTS NEGERI 9 ACEH TIMUR', 'LAKI-LAKI', 'BUKIT SELAMAT - ACEH TIMUR', '2020-06-11', '0000-00-00', '', 42, '', '', '', '', '79', '78', '79', '78', '79', '80', '71', '73', '70', '70', '82', '75', '70', '70', '73', '75', '72', '71', '72', '73', '79', '80', '80', '80', '0000-00-00'),
(559, '0051917771', '704', 'TI', '', 'MUHAMMAD RIVAL', 'SMP NEGERI 1 SUNGAI RAYA', 'LAKI-LAKI', 'BUKIT SELAMAT - ACEH TIMUR', '2020-06-11', '0000-00-00', '', 18, '', '', '', '', '73', '73', '78', '79', '75', '75', '73', '73', '73', '73', '70', '70', '60', '50', '73', '73', '76', '76', '78', '80', '76', '76', '78', '78', '0000-00-00'),
(560, '3024844350', '259', 'TM', '', 'JUMADI', 'SMP NEGERI 6 LANGSA', 'LAKI-LAKI', 'BLANG TUALANG KABUPATEN ACEH TIMUR', '2020-06-12', '0000-00-00', '', 41, '86.5', '85.1', '82', '86', '87', '86', '88', '89', '85', '84', '80', '80', '81', '81', '85', '85', '87', '87', '80', '82', '87', '88', '86', '85', '85', '85', '88', '87', '2020-06-12'),
(561, '0045368170', '3010', 'TI', '4', 'RIZKI AQILA', 'SMP N 1 LHOKSUKON', 'LAKI-LAKI', 'PB. SEULEUMAK LANGSA BARO PERUMAHAN BUMOE', '2020-06-12', '2020-06-16', 'YES', 47, '', '', '', '', '88', '85', '95', '94', '92', '91', '84', '83', '82', '79', '80', '80', '87', '88', '92', '91', '88', '88', '87', '86', '85', '86', '89', '89', '0000-00-00'),
(562, '0054395499', '672', 'TO', '', 'RADAN AL GHIFARI', 'SMP N 3 LANGSA', 'LAKI-LAKI', 'DUSUN INDUSTRI KELURAHAN TIMBANG LANGSA KECAMATAN LANGSA BARO KOTA LANGSA', '2020-06-12', '0000-00-00', '', 18, '85,33', '86', '86,66', '86,50', '84', '84', '85', '85', '87', '87', '85', '85', '87', '87', '88', '90', '84', '84', '87', '87', '87', '87', '82', '83', '86', '88', '90', '90', '2020-06-12'),
(563, '0045611860', 'P-032', 'TKP', '', 'FATTANAH', 'MTs N 1 LANGSA', 'PEREMPUAN', 'DESA BATE PUTEH DUSUN BAKTI LANGSA LAMA', '2020-06-12', '0000-00-00', '', 18, '', '', '', '', '79', '80', '84', '88', '87', '87', '80', '78', '84', '84', '83', '84', '81', '80', '87', '87', '84', '84', '82', '82', '85', '85', '85', '85', '2020-06-13'),
(564, '0058290736', '490', 'TEL', '', 'M. ZAKI RAMADHAN', 'SMP NEGERI 1 LANGSA', 'LAKI-LAKI', 'LR. KEUPULA, GP. TEUNGOH', '2020-06-12', '0000-00-00', '', 42, '80,3', '80,3', '79,8', '83,1', '74', '73', '79', '79', '87', '90', '72', '72', '80', '80', '87', '86', '75', '75', '80', '80', '86', '86', '84', '85', '86', '85', '79', '80', '2020-06-12'),
(565, '0056453223', '338', 'TL', '', 'AL AMBIYA RAMADHAN', 'MTS ULUMUL QURAN LANGSA', 'LAKI-LAKI', 'PB. BLANG PASE LANGSA KOTA', '2020-06-12', '0000-00-00', '', 42, '76', '76.6', '75.8', '77.6', '75', '75', '80', '80', '62', '76', '75', '75', '75', '75', '80', '78', '77', '77', '80', '79', '60', '60', '75', '75', '82', '85', '80', '78', '2020-06-12'),
(566, '0059716863', '726', 'TM', '', 'ANDIKA TRI ARIAGUNA', 'SMP NEGERI 10 LANGSA', 'LAKI-LAKI', 'DESA MATANG SEUTUI KECAMATAN LANGSA TIMUR', '2020-06-12', '0000-00-00', '', 41, '81', '80.3', '80.6', '81', '78', '78', '78', '78', '85', '85', '78', '78', '81', '81', '83', '83', '78', '78', '78', '78', '85', '85', '80', '80', '80', '80', '83', '83', '2020-06-12'),
(567, '0057521614', '108', 'TL', '', 'ARIF REFALDY', 'SMP NEGERI 7 LANGSA', 'LAKI-LAKI', 'DUSUN SAMUDERA ASAM PEUTIK', '2020-06-12', '0000-00-00', '', 42, '82.6', '81.5', '68.3', '84.6', '83', '83', '80', '80', '83', '87', '63', '63', '60', '60', '82', '82', '78', '78', '82', '81', '85', '85', '78', '75', '92', '92', '84', '87', '2020-06-12'),
(568, '0019842196', '337', 'TL', '', 'M. RAFI', 'SMP NEGERI 4 LANGSA', 'LAKI-LAKI', 'JL. PROF MAJID IBRAHIM', '2020-06-12', '0000-00-00', '', 43, '74', '82.3', '76.5', '78.5', '82', '82', '82', '82', '95', '95', '70', '70', '74', '75', '85', '85', '82', '82', '83', '83', '84', '83', '70', '70', '75', '75', '91', '90', '2020-06-12'),
(569, '0055202489', '626', 'TO', '', 'MUZHAKIR', 'SMP N 4 LANGSA', 'LAKI-LAKI', 'JL PROF MAJID IBRAHIM, MATANG SEULIMENG KEC LANGSA BARAT KOTA LANGSA', '2020-06-12', '0000-00-00', '', 18, '77,83', '81,83', '77,83', '80,66', '72', '72', '85', '72', '83', '83', '75', '75', '75', '75', '83', '84', '75', '75', '87', '87', '84', '83', '86', '85', '75', '72', '83', '83', '2020-06-12'),
(570, '0043584422', '488', 'TKP', '', 'M. SATRIA PRATAMA RAMADHAN', 'MTS MIM LANGSA', 'LAKI-LAKI', 'GP. TEUNGOH', '2020-06-12', '0000-00-00', '', 43, '79,67', '76,67', '81', '79,67', '81', '81', '83', '83', '80', '80', '82', '82', '83', '85', '79', '80', '76', '76', '78', '78', '79', '79', '80', '80', '84', '85', '86', '85', '2020-06-12'),
(571, '0034574048', '374', 'TL', '', 'AGUS SALIM WAHID', 'SMP NEGERI 2 PEUNARON', 'LAKI-LAKI', 'PEUNARON', '2020-06-12', '0000-00-00', '', 43, '74.1', '68', '67', '67', '72', '75', '68', '68', '70', '70', '65', '65', '65', '65', '68', '68', '67', '75', '65', '65', '68', '68', '65', '65', '65', '65', '70', '70', '2020-06-12'),
(572, '0054008499', '489', 'TL', '', 'ZIKRA ARRAFI', 'MTSS NURUL ULUM', 'LAKI-LAKI', 'PETUA BAYEUN LR. BAHAGIA NO.3 MATANG SEULIMENG', '2020-06-12', '0000-00-00', '', 43, '75', '80', '76', '77', '72', '72', '75', '75', '78', '75', '72', '72', '75', '75', '76', '76', '77', '77', '81', '81', '85', '89', '72', '72', '77', '77', '79', '80', '2020-06-12'),
(575, '0049929073', 'P-083', 'TKP', '', 'WIDIA RAMA DANI', 'SMP N 1 MANYAK PAYED', 'PEREMPUAN', 'SENEBUK DALAM UPAH', '2020-06-12', '0000-00-00', '', 18, '', '', '', '', '75', '78', '82', '85', '78', '79', '76', '75', '72', '73', '75', '77', '72', '73', '72', '73', '73', '74', '74', '78', '74', '78', '80', '80', '2020-06-13'),
(576, '0059679396', '457', 'TKP', '', 'SYAM ACHMAD ALI', 'SMP N 3 LANGSA', 'LAKI-LAKI', 'PB SEULEUMAK LORONG CEMPAKA GANG SEROJA LANGSA', '2020-06-12', '0000-00-00', '', 43, '87,6', '86,6', '87,1', '84,3', '88', '87', '88', '88', '88', '87', '83', '85', '85', '86', '92', '92', '85', '85', '86', '86', '89', '89', '86', '86', '89', '88', '94', '92', '2020-06-12'),
(577, '0050839862', 'P-653', 'TL', '', 'ASNAWI AMIN', 'SMP N 1 RANTAU SELAMAT', 'LAKI-LAKI', 'DUSUN TUALANG KELURAHAN BAYEUN KECAMATAN RANTAU SELAMAT KABUPATEN ACEH TIMUR', '2020-06-12', '0000-00-00', '', 18, '86', '81', '78', '84', '84', '80', '90', '89', '85', '88', '70', '72', '80', '80', '85', '85', '78', '79', '83', '85', '82', '82', '85', '85', '86', '86', '80', '80', '2020-06-12'),
(578, '0051786489', '302', 'TM', '', 'M. IQBAL', 'SMP NEGERI 4  LANGSA', 'LAKI-LAKI', 'JL. SUDIRMAN MATANG SEULIMENG LANGSA BARAT', '2020-06-12', '0000-00-00', '', 41, '80.5', '84', '86', '82', '84', '84', '72', '72', '86', '85', '85', '85', '88', '88', '85', '85', '82', '85', '85', '85', '84', '83', '85', '90', '75', '75', '85', '87', '2020-06-12'),
(579, '0066954611', '518', 'TI', '4', 'ANNISA', 'SMP N 9 LANGSA', 'PEREMPUAN', 'MATANG SEULIMENG', '2020-06-12', '2020-06-16', 'YES', 47, '', '', '', '', '92', '92', '88', '88', '89', '86', '77', '92', '82', '82', '86', '86', '92', '92', '90', '90', '86', '86', '78', '78', '85', '85', '85', '85', '0000-00-00'),
(580, '0059459898', '520', 'TI', '4', 'GINA PUTRI NANYANTI', 'SMP N 1 LANGSA', 'PEREMPUAN', 'DUSUN SUNGAI PAUH LANGSA BARAT KOTA LANGSA', '2020-06-12', '2020-06-16', 'YES', 47, '', '', '', '', '80', '80', '89', '89', '88', '89', '90', '88', '82', '82', '85', '85', '75', '76', '76', '77', '86', '86', '88', '88', '88', '88', '89', '89', '0000-00-00'),
(581, '0059730952', '196', 'TO', '', 'YAJIMA', 'SMP N 3 LANGSA', 'LAKI-LAKI', 'SIMPANG PERUMNAS DESA PB. SEULEMAK', '2020-06-12', '0000-00-00', '', 18, '83', '84', '83,3', '84,3', '82', '82', '82', '82', '85', '85', '82', '82', '82', '82', '86', '86', '82', '82', '84', '84', '86', '86', '82', '82', '82', '82', '89', '89', '2020-06-12'),
(582, '0053750469', '475', 'TKP', '', 'M ,REIZA', 'MTS SWASTA TIMBANG LANGSA', 'LAKI-LAKI', 'TIMBANG LANGSA', '2020-06-12', '0000-00-00', '', 43, '82,2', '66,8', '78,3', '83,1', '78', '77', '85', '84', '85', '84', '82', '80', '77', '76', '77', '76', '80', '80', '78', '78', '78', '78', '80', '75', '86', '86', '86', '86', '2020-06-12'),
(583, '0048935662', '082', 'TI', '4', 'KARINA PUSPITA OLGANDA', 'SMP N 2 LANGSA', 'PEREMPUAN', 'GEUDUBANG JAWA', '2020-06-12', '2020-06-15', 'YES', 47, '', '', '', '', '89', '89', '84', '83', '86', '90', '90', '90', '90', '90', '88', '87', '83', '83', '83', '83', '86', '86', '92', '92', '93', '93', '90', '92', '0000-00-00'),
(584, '0059877751', '691', 'TL', '', 'MUHAMMAD RAJUDIN', 'SMP NEGERI 9 LANGSA', 'LAKI-LAKI', 'S. PAUH INDUK', '2020-06-12', '0000-00-00', '', 43, '89.5', '83', '77.5', '81.1', '88', '88', '92', '92', '88', '89', '75', '56', '80', '80', '88', '86', '82', '82', '83', '83', '84', '84', '78', '78', '85', '85', '82', '83', '2020-06-12'),
(585, '0059712449', '262', 'TM', '', 'ALFA HABIBULLAH', 'SMPS PLUS AMAL PEREULAK', 'LAKI-LAKI', 'JL. TM . BACHRUM PB. TEUNGOH LANGSA', '2020-06-12', '0000-00-00', '', 41, '80.3', '80.16', '80.83', '80', '80', '80', '82', '80', '80', '80', '80', '79', '79', '80', '84', '83', '79', '79', '80', '82', '80', '80', '79', '79', '81', '81', '81', '80', '2020-06-12'),
(586, '0066054562', 'P-007', 'TEL', '', 'FITRIA', 'MTs S GEUDUBANG ACEH', 'PEREMPUAN', 'GEUDUBANG ACEH', '2020-06-12', '0000-00-00', '', 18, '', '', '', '', '80', '80', '78', '78', '84', '84', '85', '85', '87', '87', '82', '82', '78', '78', '85', '85', '85', '85', '85', '85', '85', '85', '81', '81', '2020-06-13'),
(587, '3056006478', '247', 'TM', '', 'RAIYHAN SYARULLAH', 'SMP NEGERI 2 LANGSA', 'LAKI-LAKI', 'DUSUN UTAMA PB. TUNONG ', '2020-06-12', '0000-00-00', '', 41, '84', '83.66', '87.16', '84.33', '83', '83', '83', '83', '86', '86', '86', '86', '88', '88', '87', '88', '83', '83', '83', '83', '85', '85', '83', '83', '83', '83', '87', '87', '2020-06-12'),
(588, '0056558839', '364', 'TL', '', 'ASRUL JUMAIDIL', 'SMP NEGERI 4 LANGSA', 'LAKI-LAKI', 'JLN. A MAJID IBRAHIM DESA LHOKBANI', '2020-06-12', '0000-00-00', '', 43, '75.6', '80.6', '82.3', '77', '72', '72', '72', '72', '83', '83', '78', '78', '84', '84', '85', '85', '72', '72', '86', '86', '84', '84', '75', '75', '73', '73', '83', '83', '2020-06-12'),
(589, '0052589831', '683', 'TM', '', 'AGUNG AJI SANTOSO', 'SMP NEGERI 11 LANGSA', 'LAKI-LAKI', 'ALUE DUA BAKARAN BATEE', '2020-06-12', '0000-00-00', '', 41, '82', '77', '79', '82', '80', '80', '82', '82', '81', '87', '80', '79', '80', '80', '78', '78', '79', '77', '83', '82', '70', '70', '85', '84', '82', '80', '79', '80', '2020-06-12'),
(591, '3059647391', '685', 'TM', '', 'ARDIKA FATANAH', 'MTS MIM LANGSA', 'LAKI-LAKI', 'DESA BIREM PUNTONG DSN PENDIDIKAN LANGSA', '2020-06-12', '0000-00-00', '', 41, '81', '77', '81.1', '84.3', '82', '82', '82', '82', '79', '79', '80', '81', '83', '83', '80', '80', '76', '76', '76', '76', '79', '79', '83', '84', '83', '84', '86', '86', '2020-06-12'),
(592, '0053157018', '422', 'TEL', '', 'ANGGA ALYAFI', 'SMP NEGERI 1 IDI RAYEUK', 'LAKI-LAKI', 'IDI RAYEUK, ACEH TIMUR', '2020-06-12', '0000-00-00', '', 42, '85', '80,5', '78,83', '85,16', '80', '85', '87', '84', '87', '87', '75', '74', '76', '78', '85', '85', '78', '78', '84', '84', '79', '80', '84', '82', '87', '85', '93', '80', '2020-06-12'),
(593, '0054630307', '042', 'TI', '', 'M. SALMAN AL PARISI', 'MTS TERPADU LANGSA', 'LAKI-LAKI', 'SIMPANG KOMODOR - BIREM PUNTONG', '2020-06-12', '0000-00-00', '', 47, '', '', '', '', '78', '77', '80', '80', '84', '84', '75', '75', '77', '76', '76', '76', '81', '79', '80', '80', '79', '75', '78', '77', '79', '77', '80', '78', '0000-00-00'),
(594, '0051593090', '261', 'TM', '', 'BAGUS ARIA', 'SMP NEGERI 1 TAMIANG HULU', 'LAKI-LAKI', 'PULAU TIGA KABUPATEN ACEH TAMIANG', '2020-06-12', '0000-00-00', '', 41, '85.66', '83.16', '82.5', '80.16', '83', '84', '90', '87', '84', '86', '78', '80', '80', '87', '85', '85', '89', '90', '80', '80', '80', '80', '80', '80', '79', '77', '85', '80', '2020-06-12'),
(595, '0051907462', '692', 'TM', '', 'GEUNTA BALQIYA', 'SMP NEGERI 4 LANGSA', 'LAKI-LAKI', 'JL. PERUMNAS LINGKUNGAN BUKIT LANGSA', '2020-06-12', '0000-00-00', '', 41, '85', '84', '82.8', '84.5', '82', '82', '83', '83', '90', '90', '82', '82', '82', '82', '84', '85', '82', '82', '86', '86', '84', '84', '83', '83', '83', '83', '88', '87', '2020-06-12'),
(596, '0052889152', '243', 'TM', '', 'ADITYA ABDI NUGRAHA', 'MTS TERPADU LANGSA', 'LAKI-LAKI', 'ALUE DUA BAKARAN BATEE', '2020-06-12', '0000-00-00', '', 41, '79', '77', '74', '78', '78', '78', '79', '78', '80', '80', '75', '75', '76', '76', '72', '72', '78', '78', '79', '78', '79', '75', '78', '78', '79', '82', '75', '75', '2020-06-12'),
(597, '0054553113', '049', 'TKP', '', 'RIZKI RAHMADANI', 'SMP N 5 BIREM BAYEUN', 'PEREMPUAN', 'ALUE TEH BIREM BAYEUN', '2020-06-12', '0000-00-00', '', 18, '', '', '', '', '78', '79', '82', '81', '84', '84', '80', '78', '77', '78', '78', '78', '83', '81', '83', '81', '81', '81', '78', '78', '77', '77', '80', '82', '2020-06-13'),
(598, '3059109147', '236', 'TO', '', 'ARIF AKBARI', 'MTsN 1 LANGSA', 'LAKI-LAKI', 'DUSUN SATRIA Gp. SUNGAI PAUH KEC. LANGSA BARAT - KOTA LANGSA', '2020-06-12', '0000-00-00', '', 42, '85', '82', '80', '82.5', '85', '86', '84', '86', '85', '85', '76', '78', '81', '82', '83', '84', '77', '77', '86', '86', '83', '83', '80', '80', '85', '85', '82', '82', '2020-06-12'),
(599, '0048458517', '249', 'TM', '', 'HARI AGUNG', 'SMP NEGERI 9 LANGSA', 'LAKI-LAKI', 'DUSUN III BTN ABRI LANGSA', '2020-06-12', '0000-00-00', '', 41, '76', '70.5', '66', '77', '72', '72', '72', '72', '79', '82', '58', '50', '77', '75', '62', '75', '73', '72', '72', '72', '54', '51', '50', '50', '77', '77', '78', '77', '2020-06-12'),
(600, '0042417595', '430', 'TL', '', 'M. FIKRI AULIA', 'MTS YPI SUBULUL HUDA', 'LAKI-LAKI', 'DUSUN II KELAPA GADING DESA PONDOK KELAPA', '2020-06-12', '0000-00-00', '', 43, '81', '80.6', '81.3', '80.5', '80', '80', '80', '82', '80', '81', '84', '80', '80', '82', '82', '82', '80', '81', '80', '80', '81', '81', '80', '81', '80', '82', '80', '80', '2020-06-12'),
(602, '0044832278', '342', 'TL', '', 'RIZKY FAZRY', 'SMP NEGERI 1 MANYAK PAYED', 'LAKI-LAKI', 'TUALANG CUT', '2020-06-12', '0000-00-00', '', 43, '76', '73.6', '74.5', '75.5', '75', '75', '75', '80', '73', '74', '75', '75', '72', '73', '72', '75', '72', '73', '72', '73', '73', '76', '70', '78', '70', '78', '72', '75', '2020-06-12'),
(604, '0051570018', '493', 'TL', '', 'FAKROR RAZI', 'MTSS YAPILA', 'LAKI-LAKI', 'BIREM PUNTONG ( SP.COMODORE )', '2020-06-12', '0000-00-00', '', 43, '80', '77.1', '71.8', '76.6', '80', '82', '80', '79', '80', '80', '76', '76', '79', '79', '60', '60', '80', '79', '76', '77', '75', '76', '76', '76', '80', '79', '76', '76', '2020-06-12'),
(605, '0042323431', '472', 'TKP', '', 'ZIKRI RAMADHAN', 'MTS TEPADU LANGSA', 'LAKI-LAKI', 'BIREM PUNTONG', '2020-06-12', '0000-00-00', '', 43, '78,83', '79,16', '73,33', '78', '80', '80', '79', '79', '82', '82', '75', '73', '75', '76', '72', '72', '78', '79', '79', '80', '79', '79', '75', '73', '73', '72', '80', '76', '2020-06-12'),
(606, '0051957731', '506', 'TI', '', 'SUPRIANDI', 'MTs N 1 GAYO LUES', 'LAKI-LAKI', 'KUTELINTANG / GAYO LUES', '2020-06-12', '0000-00-00', '', 47, '', '', '', '', '77', '77', '72', '77', '86', '82', '75', '76', '74', '79', '78', '78', '71', '72', '73', '73', '87', '80', '75', '75', '78', '80', '82', '80', '0000-00-00'),
(607, '3059735611', '279', 'TM', '', 'ANANDA SATRIA KINASIH', 'MTS GEUDUBANG JAWA', 'LAKI-LAKI', 'KARANG ANYAR LANGSA', '2020-06-12', '0000-00-00', '', 42, '79.5', '77.6', '80', '78.2', '80', '83', '83', '83', '74', '74', '79', '79', '85', '85', '76', '76', '75', '77', '85', '85', '72', '72', '76', '79', '83', '83', '74', '74', '2020-06-12'),
(608, '0051869296', '442', 'TKP', '', 'MUHAMMAD ANSHAR AL FARIZI', 'SMP NEGERI 3 LANGSA', 'LAKI-LAKI', 'DUSUN BUKIT, PERUMNAS, PB. SEULEMAK', '2020-06-12', '0000-00-00', '', 43, '85', '84,5', '84,6', '87,3', '86', '86', '83', '83', '86', '86', '85', '86', '83', '83', '85', '86', '85', '85', '84', '83', '83', '85', '88', '89', '85', '85', '88', '89', '2020-06-12'),
(609, '0053951972', 'P-602', 'TKP', '', 'SABANA DAFFA RESQI', 'SMP N 1 LANGSA', 'LAKI-LAKI', 'PB. BEURAMO', '2020-06-12', '0000-00-00', '', 18, '', '', '', '', '83', '83', '86', '86', '86', '85', '80', '80', '75', '75', '87', '87', '82', '82', '84', '84', '86', '86', '80', '80', '80', '80', '86', '86', '2020-06-13'),
(610, '0047823961', '469', 'TKP', '', 'WIRA ANDRIAN', 'SMP NEGERI 7 BIREM BAYEUN', 'LAKI-LAKI', 'JAMBO LABU', '2020-06-12', '0000-00-00', '', 43, '78,17', '77,67', '77,5', '80,83', '76', '76', '80', '80', '81', '81', '77', '77', '77', '77', '81', '81', '80', '80', '81', '81', '80', '80', '88', '88', '80', '80', '87', '87', '2020-06-12'),
(611, '0047404585', '693', 'TKP', '', 'DHEIVA ADHA H', 'SMP NEGERI 3 LANGSA', 'LAKI-LAKI', 'JLN. PEUTUA HAMZAH, PB. TEUNGOH, LANGSA', '2020-06-12', '0000-00-00', '', 41, '85,5', '85,7', '86,2', '87,3', '83', '83', '87', '86', '87', '87', '83', '84', '85', '86', '87', '92', '87', '84', '87', '85', '86', '85', '85', '86', '87', '86', '90', '90', '2020-06-12'),
(612, '0055014916', '671', 'TO', '', 'RANGGOE SHATRIA', 'SMP N 2 LANGSA', 'LAKI-LAKI', 'JLN P POLEM, KELURAHAN PAYA BUJOK TUNONG, KECAMATAN LANGSA BARO, KOTA LANGSA', '2020-06-12', '0000-00-00', '', 42, '87.8', '84.3', '84.5', '86.7', '85', '85', '90', '90', '85', '85', '84', '84', '84', '84', '86', '85', '85', '84', '84', '83', '85', '85', '86', '86', '87', '85', '88', '88', '2020-06-12'),
(613, '0053531275', '210', 'TM', '', 'HAIDIR', 'SMP NEGERI 7 KEJURUAN MUDA', 'LAKI-LAKI', 'DUSUN TUALANG DESA TANJUNG GENTENG KABUPATEN TAMIANG', '2020-06-12', '0000-00-00', '', 42, '80.5', '77', '72.5', '80.16', '83', '83', '77', '79', '80', '81', '65', '65', '74', '75', '78', '78', '76', '76', '76', '76', '79', '79', '81', '81', '81', '81', '72', '85', '2020-06-12'),
(614, '0052890454', '523', 'TEL', '', 'FAJAR SAKILLA', 'SMP N 1 RANTAU SELAMAT', 'LAKI-LAKI', 'DUSUN TUALANG DESA BAYEUN', '2020-06-12', '0000-00-00', '', 18, '', '', '', '', '80', '80', '78', '77', '54', '54', '80', '80', '70', '70', '50', '50', '75', '75', '75', '75', '85', '85', '75', '75', '75', '75', '75', '75', '2020-06-13'),
(615, '0042103311', '684', 'TKP', '', 'VIVI MULIANI', 'SMP NEGERI 2 LANGSA', 'PEREMPUAN', 'PTPN 1 KEBUN BARU', '2020-06-12', '0000-00-00', '', 41, '88,67', '86', '88,5', '91,5', '89', '88', '89', '88', '89', '89', '85', '85', '86', '87', '94', '94', '85', '85', '88', '87', '85', '86', '90', '91', '92', '92', '91', '93', '2020-06-12'),
(616, '0051681486', '018', 'TI', '3', 'IQLIMA MAIZATI', 'SMP N 3 LANGSA', 'PEREMPUAN', 'DESA ALUE DUA', '2020-06-12', '2020-06-18', 'YES', 47, '', '', '', '', '85', '85', '89', '88', '90', '91', '88', '87', '88', '88', '92', '92', '84', '83', '85', '85', '89', '88', '84', '84', '86', '87', '93', '92', '0000-00-00'),
(617, '0023269926', '426', 'TKP', '', 'MUHAMMAD FADILLAH', 'SMP NEGERI 9 LANGSA', 'LAKI-LAKI', 'KP. JAWA BELAKANG', '2020-06-12', '0000-00-00', '', 41, '47', '74,66', '71,16', '76', '81', '81', '78', '78', '54', '44', '77', '77', '72', '72', '64', '65', '79', '79', '84', '84', '86', '45', '72', '72', '75', '76', '80', '81', '2020-06-12'),
(618, '0056633585', '3030', 'TKP', '', 'AUDRIEA ALFITRI', 'SMP N 3 LANGSA', 'PEREMPUAN', 'ALUE DUA', '2020-06-12', '0000-00-00', '', 18, '', '', '', '', '84', '83', '86', '86', '87', '87', '83', '83', '84', '85', '90', '88', '83', '83', '84', '84', '87', '86', '85', '85', '85', '86', '91', '89', '2020-06-13'),
(619, '00656181176', '3036', 'TM', '', 'MUHAMMAD IQBAL', 'MTsN 1KOTA  LANGSA', 'LAKI-LAKI', 'JLN. MALIKUL SALEH - KP MUTIA', '2020-06-12', '0000-00-00', '', 42, '', '', '', '', '78', '78', '83', '83', '84', '84', '76', '76', '84', '84', '82', '82', '76', '79', '82', '83', '82', '82', '78', '80', '87', '87', '82', '82', '0000-00-00'),
(620, '0051741073', '121', 'TF', '', 'RAHMAT IQBAL', 'MTS DARUSSAKDAH', 'LAKI-LAKI', 'ALUE DUA KOTA LANGSA', '2020-06-12', '0000-00-00', '', 18, '', '', '', '', '85', '80', '80', '80', '77', '78', '78', '85', '80', '85', '77', '76', '75', '80', '76', '80', '84', '82', '80', '80', '80', '80', '83', '81', '0000-00-00'),
(621, '0042453218', '492', 'TKP', '', 'RISKA ASMAYANI', 'SMP NEGERI 1 SUNGAI RAYA', 'PEREMPUAN', 'SUNGAI RAYA', '2020-06-12', '0000-00-00', '', 18, '', '', '', '', '80', '80', '78', '82', '85', '85', '73', '73', '79', '79', '76', '76', '75', '78', '78', '78', '80', '80', '78', '78', '79', '79', '82', '82', '0000-00-00'),
(622, '0058290921', '730', 'TO', '', 'ANDIKA SYAHPUTRA', 'MTS NEGERI  1 PIDIE JAYA', 'LAKI-LAKI', 'LORONG FIRDAUS SUNGAI PAUH', '2020-06-12', '0000-00-00', '', 18, '', '', '', '', '76', '75', '72', '75', '71', '70', '69', '69', '59', '58', '72', '72', '69', '69', '69', '69', '74', '74', '69', '69', '74', '74', '75', '77', '0000-00-00'),
(623, '0056333836', '360', 'TL', '', 'RAMZI RAIHAN RIZQI', 'SMP N 3 LANGSA', 'LAKI-LAKI', 'DUSUN NELAYAN BIREM PUNTONG', '2020-06-13', '0000-00-00', '', 18, '', '', '', '', '87', '87', '90', '90', '88', '89', '88', '88', '88', '88', '90', '90', '88', '88', '90', '90', '88', '88', '86', '86', '84', '83', '90', '89', '2020-06-13'),
(624, '3051090615', '428', 'TEL', '', 'M. IRFAN MUFADDHAL', 'SMP NEGERI 3 LANGSA', 'LAKI-LAKI', 'JLN. A. YANI GANG KELUARGA LANGSA', '2020-06-13', '0000-00-00', '', 18, '', '', '', '', '82', '83', '86', '85', '84', '86', '84', '83', '85', '86', '86', '86', '83', '82', '85', '84', '83', '85', '82', '82', '82', '80', '85', '87', '0000-00-00'),
(625, '10105747', '708', 'TKP', '', 'KHAIRUL WALIDI', 'SMP NEGERI 1 LANGSA', 'LAKI-LAKI', 'GAMPONG BLANG SEUNIBONG', '2020-06-13', '0000-00-00', '', 18, '', '', '', '', '72', '73', '72', '72', '89', '87', '70', '70', '82', '83', '87', '86', '73', '74', '72', '72', '83', '83', '83', '84', '84', '85', '83', '82', '0000-00-00'),
(626, '0053830394', '687', 'TL', '', 'WAHYU MARDANI TANJUNG', 'MTS DARUL ULUM BANDA ACEH', 'LAKI-LAKI', 'BIREM PUNTONG', '2020-06-13', '0000-00-00', '', 18, '', '', '', '', '75', '75', '75', '75', '85', '92', '75', '75', '75', '75', '80', '81', '75', '75', '75', '75', '88', '87', '75', '75', '75', '75', '87', '88', '2020-06-13'),
(627, '0053047592', 'T-479', 'TM', '', 'M. ZAKY AULIA', 'SMP NEGERI 6 LANSGA', 'LAKI-LAKI', 'JL. GABUNGAN NO.72, PB. SEULEMAK', '2020-06-15', '0000-00-00', '', 47, '', '', '', '', '82', '82', '83', '83', '87', '87', '82', '82', '82', '82', '85', '85', '82', '82', '84', '84', '87', '87', '82', '82', '82', '82', '88', '88', '2020-06-15'),
(628, '0042193048', 'T-240', 'TEL', '', 'DEKKY PRAYOGA', 'SMP NEGERI 7 BIREM BAYEUN', 'LAKI-LAKI', 'DESA JAMBO LABU', '2020-06-15', '0000-00-00', '', 47, '', '', '', '', '76', '76', '80', '80', '81', '81', '77', '77', '77', '77', '81', '81', '82', '82', '80', '80', '80', '80', '82', '82', '80', '80', '85', '85', '2020-06-15');

-- --------------------------------------------------------

--
-- Struktur dari tabel `tbl_nilai`
--

CREATE TABLE `tbl_nilai` (
  `nisn` char(11) DEFAULT NULL,
  `b_indonesia` int(3) DEFAULT NULL,
  `b_inggris` int(3) DEFAULT NULL,
  `matematika` int(3) DEFAULT NULL,
  `ipa` int(3) DEFAULT NULL
) ENGINE=InnoDB DEFAULT CHARSET=latin1;

--
-- Dumping data untuk tabel `tbl_nilai`
--

INSERT INTO `tbl_nilai` (`nisn`, `b_indonesia`, `b_inggris`, `matematika`, `ipa`) VALUES
('0023643505', 75, 75, 75, 75);

-- --------------------------------------------------------

--
-- Struktur dari tabel `user`
--

CREATE TABLE `user` (
  `id` int(11) NOT NULL,
  `nama_lengkap` varchar(50) DEFAULT NULL,
  `username` varchar(50) DEFAULT NULL,
  `password` varchar(50) DEFAULT NULL,
  `level` varchar(11) DEFAULT NULL,
  `aktif` enum('Y','T') DEFAULT NULL
) ENGINE=InnoDB DEFAULT CHARSET=latin1;

--
-- Dumping data untuk tabel `user`
--

INSERT INTO `user` (`id`, `nama_lengkap`, `username`, `password`, `level`, `aktif`) VALUES
(18, 'ARDINUR MAHYUZAR', 'ARDINUR', 'cdc403fba2eaf81935474bb68ce9b3de', 'ADMIN', 'Y'),
(19, 'ADMIN', 'ADMIN', 'd8992c92a8afe6296a4378ee307a7c05', 'ADMIN', 'Y'),
(20, 'KEPALA SEKOLAH', 'K06040002-KEPSEK', '16813221434550d187246db293550f49', 'KEPSEK', 'Y'),
(27, 'M. REZA', '06040002TKP-REZA', 'f23fc49eab49dc4dbabec39e032ace92', 'PETUGAS', 'T'),
(28, 'SAIFUDDIN', '06040002TE-SAIFUDDIN', '2df04818ecf026f066049565b0a5d4b3', 'PETUGAS', 'T'),
(29, 'IRA FAHRINA', '06040002TL-IRA', '8bf644cff1975f4318daa9bac8464411', 'PETUGAS', 'T'),
(30, 'SABRINA', '06040002TM-SABRINA', '3240056888e9694f4a6b451ba6642e77', 'PETUGAS', 'T'),
(31, 'CHAIRUL RAHMAN', '06040002TO-RAHMAN', '9d7f2284bf429969246eab4e30b7d18c', 'PETUGAS', 'T'),
(32, 'TONI WIBISONO', '06040002TO-TONI', 'cefa334b20a3a8bbf3b49294208f51b1', 'PETUGAS', 'T'),
(33, 'PUSPA SARI', '06040002TI-PUSPA', '78ad1c4f512eb2f88fee7b60fdb01a76', 'PETUGAS', 'T'),
(34, 'DIAWAN', '06040002TI-DIAWAN', 'c634a2243b5536704c0864068dae3191', 'PETUGAS', 'T'),
(38, 'RIJAL HARAHAP', '06040002KP-RIJAL', 'b111f349b77cb1974dfe0c2af3b26c1e', 'KURIKULUM', 'Y'),
(41, 'BAHARUDDIN', '0604000201-D1', '8b7ba520bb64c1f7d2fc0a1d858e1ee3', 'DOKUMEN', 'Y'),
(42, 'T.DEVIE JULIANTO', '0604000201-D2', '930f8f796c4fa4aed6b6cba98f403900', 'DOKUMEN', 'Y'),
(43, 'RURI SAHLAN', '0604000201-D3', '235656e1b702dd0fa16a4304dc75b928', 'DOKUMEN', 'Y'),
(45, 'DICKY KURNIAWAN', '06040002TO-DICKY', '8c182249aef1dfd077a0c79525679fa3', 'PETUGAS', 'T'),
(46, 'DOKUMEN', 'dokumen', '1feb9448cce9fd67a4866e526120d3bc', 'DOKUMEN', 'Y'),
(47, 'ARDINUR', 'K06040002-1', '25d55ad283aa400af464c76d713c07ad', 'DOKUMEN', 'Y'),
(48, 'BAHARUDDIN', 'K06040002-2', '25d55ad283aa400af464c76d713c07ad', 'DOKUMEN', 'Y'),
(49, 'RURI SAHLAN', 'K06040002-3', '25d55ad283aa400af464c76d713c07ad', 'DOKUMEN', 'Y'),
(50, 'T. DEVIE JULIANTO', 'K06040002-4', '25d55ad283aa400af464c76d713c07ad', 'DOKUMEN', 'Y'),
(51, 'petugas', 'petugas', 'bae8d5d9298c97fae47250bf5de11b84', 'PETUGAS', 'Y');

--
-- Indexes for dumped tables
--

--
-- Indeks untuk tabel `jabatan`
--
ALTER TABLE `jabatan`
  ADD PRIMARY KEY (`id`);

--
-- Indeks untuk tabel `jurusan`
--
ALTER TABLE `jurusan`
  ADD PRIMARY KEY (`kd_jurusan`);

--
-- Indeks untuk tabel `kelas`
--
ALTER TABLE `kelas`
  ADD PRIMARY KEY (`id_kelas`),
  ADD KEY `kd_jurusan` (`kd_jurusan`);

--
-- Indeks untuk tabel `pendaftar`
--
ALTER TABLE `pendaftar`
  ADD PRIMARY KEY (`id`),
  ADD KEY `kd_jurusan` (`kd_jurusan`),
  ADD KEY `id_user` (`id_user`);

--
-- Indeks untuk tabel `user`
--
ALTER TABLE `user`
  ADD PRIMARY KEY (`id`);

--
-- AUTO_INCREMENT untuk tabel yang dibuang
--

--
-- AUTO_INCREMENT untuk tabel `jabatan`
--
ALTER TABLE `jabatan`
  MODIFY `id` int(11) NOT NULL AUTO_INCREMENT, AUTO_INCREMENT=8;

--
-- AUTO_INCREMENT untuk tabel `kelas`
--
ALTER TABLE `kelas`
  MODIFY `id_kelas` int(11) NOT NULL AUTO_INCREMENT, AUTO_INCREMENT=19;

--
-- AUTO_INCREMENT untuk tabel `pendaftar`
--
ALTER TABLE `pendaftar`
  MODIFY `id` int(11) NOT NULL AUTO_INCREMENT, AUTO_INCREMENT=629;

--
-- AUTO_INCREMENT untuk tabel `user`
--
ALTER TABLE `user`
  MODIFY `id` int(11) NOT NULL AUTO_INCREMENT, AUTO_INCREMENT=52;

--
-- Ketidakleluasaan untuk tabel pelimpahan (Dumped Tables)
--

--
-- Ketidakleluasaan untuk tabel `pendaftar`
--
ALTER TABLE `pendaftar`
  ADD CONSTRAINT `pendaftar_ibfk_1` FOREIGN KEY (`kd_jurusan`) REFERENCES `jurusan` (`kd_jurusan`),
  ADD CONSTRAINT `pendaftar_ibfk_2` FOREIGN KEY (`id_user`) REFERENCES `user` (`id`);
COMMIT;

/*!40101 SET CHARACTER_SET_CLIENT=@OLD_CHARACTER_SET_CLIENT */;
/*!40101 SET CHARACTER_SET_RESULTS=@OLD_CHARACTER_SET_RESULTS */;
/*!40101 SET COLLATION_CONNECTION=@OLD_COLLATION_CONNECTION */;
